VALUE,long,lat
616.00000000,32.250,52.417
620.00000000,32.417,52.417
626.00000000,32.583,52.417
633.00000000,32.750,52.417
640.00000000,32.917,52.417
640.00000000,33.083,52.417
637.00000000,33.250,52.417
639.00000000,33.417,52.417
637.00000000,33.583,52.417
640.00000000,33.750,52.417
640.00000000,33.917,52.417
640.00000000,34.083,52.417
595.00000000,30.917,52.250
596.00000000,31.083,52.250
599.00000000,31.250,52.250
601.00000000,31.417,52.250
600.00000000,31.583,52.250
601.00000000,31.750,52.250
606.00000000,31.917,52.250
614.00000000,32.083,52.250
619.00000000,32.250,52.250
621.00000000,32.417,52.250
626.00000000,32.583,52.250
635.00000000,32.750,52.250
645.00000000,32.917,52.250
648.00000000,33.083,52.250
644.00000000,33.250,52.250
639.00000000,33.417,52.250
636.00000000,33.583,52.250
636.00000000,33.750,52.250
639.00000000,33.917,52.250
637.00000000,34.083,52.250
634.00000000,34.250,52.250
586.00000000,24.583,52.083
591.00000000,24.750,52.083
590.00000000,24.917,52.083
591.00000000,25.083,52.083
592.00000000,25.250,52.083
592.00000000,25.417,52.083
591.00000000,25.583,52.083
589.00000000,25.750,52.083
587.00000000,25.917,52.083
583.00000000,26.083,52.083
586.00000000,30.750,52.083
592.00000000,30.917,52.083
598.00000000,31.083,52.083
601.00000000,31.250,52.083
603.00000000,31.417,52.083
604.00000000,31.583,52.083
607.00000000,31.750,52.083
608.00000000,31.917,52.083
612.00000000,32.083,52.083
618.00000000,32.250,52.083
625.00000000,32.417,52.083
629.00000000,32.583,52.083
644.00000000,32.750,52.083
654.00000000,32.917,52.083
659.00000000,33.083,52.083
647.00000000,33.250,52.083
641.00000000,33.417,52.083
639.00000000,33.583,52.083
637.00000000,33.750,52.083
634.00000000,33.917,52.083
632.00000000,34.083,52.083
634.00000000,34.250,52.083
578.00000000,24.250,51.917
583.00000000,24.417,51.917
586.00000000,24.583,51.917
584.00000000,24.750,51.917
588.00000000,24.917,51.917
590.00000000,25.083,51.917
592.00000000,25.250,51.917
591.00000000,25.417,51.917
591.00000000,25.583,51.917
588.00000000,25.750,51.917
586.00000000,25.917,51.917
582.00000000,26.083,51.917
582.00000000,26.250,51.917
586.00000000,26.417,51.917
594.00000000,26.583,51.917
600.00000000,26.750,51.917
608.00000000,26.917,51.917
613.00000000,27.083,51.917
621.00000000,27.250,51.917
581.00000000,30.583,51.917
582.00000000,30.750,51.917
589.00000000,30.917,51.917
595.00000000,31.083,51.917
603.00000000,31.250,51.917
604.00000000,31.417,51.917
606.00000000,31.583,51.917
608.00000000,31.750,51.917
612.00000000,31.917,51.917
616.00000000,32.083,51.917
622.00000000,32.250,51.917
627.00000000,32.417,51.917
635.00000000,32.583,51.917
647.00000000,32.750,51.917
664.00000000,32.917,51.917
663.00000000,33.083,51.917
652.00000000,33.250,51.917
642.00000000,33.417,51.917
635.00000000,33.583,51.917
627.00000000,33.750,51.917
623.00000000,33.917,51.917
624.00000000,34.083,51.917
630.00000000,34.250,51.917
633.00000000,34.417,51.917
635.00000000,34.583,51.917
534.00000000,23.583,51.750
547.00000000,23.750,51.750
560.00000000,23.917,51.750
569.00000000,24.083,51.750
575.00000000,24.250,51.750
581.00000000,24.417,51.750
585.00000000,24.583,51.750
585.00000000,24.750,51.750
586.00000000,24.917,51.750
593.00000000,25.083,51.750
596.00000000,25.250,51.750
595.00000000,25.417,51.750
592.00000000,25.583,51.750
591.00000000,25.750,51.750
589.00000000,25.917,51.750
588.00000000,26.083,51.750
590.00000000,26.250,51.750
593.00000000,26.417,51.750
600.00000000,26.583,51.750
606.00000000,26.750,51.750
613.00000000,26.917,51.750
622.00000000,27.083,51.750
629.00000000,27.250,51.750
638.00000000,27.417,51.750
645.00000000,27.583,51.750
651.00000000,27.750,51.750
642.00000000,27.917,51.750
634.00000000,28.083,51.750
623.00000000,28.250,51.750
620.00000000,28.417,51.750
624.00000000,28.583,51.750
631.00000000,28.917,51.750
633.00000000,29.083,51.750
631.00000000,29.250,51.750
571.00000000,30.417,51.750
578.00000000,30.583,51.750
584.00000000,30.750,51.750
592.00000000,30.917,51.750
595.00000000,31.083,51.750
597.00000000,31.250,51.750
604.00000000,31.417,51.750
605.00000000,31.583,51.750
605.00000000,31.750,51.750
614.00000000,31.917,51.750
616.00000000,32.083,51.750
622.00000000,32.250,51.750
627.00000000,32.417,51.750
637.00000000,32.583,51.750
648.00000000,32.750,51.750
667.00000000,32.917,51.750
661.00000000,33.083,51.750
649.00000000,33.250,51.750
641.00000000,33.417,51.750
633.00000000,33.583,51.750
624.00000000,33.750,51.750
615.00000000,33.917,51.750
616.00000000,34.083,51.750
621.00000000,34.250,51.750
630.00000000,34.417,51.750
635.00000000,34.583,51.750
527.00000000,23.417,51.583
528.00000000,23.583,51.583
542.00000000,23.750,51.583
554.00000000,23.917,51.583
567.00000000,24.083,51.583
574.00000000,24.250,51.583
578.00000000,24.417,51.583
585.00000000,24.583,51.583
585.00000000,24.750,51.583
592.00000000,24.917,51.583
596.00000000,25.083,51.583
597.00000000,25.250,51.583
601.00000000,25.417,51.583
603.00000000,25.583,51.583
601.00000000,25.750,51.583
597.00000000,25.917,51.583
596.00000000,26.083,51.583
599.00000000,26.250,51.583
601.00000000,26.417,51.583
606.00000000,26.583,51.583
613.00000000,26.750,51.583
619.00000000,26.917,51.583
625.00000000,27.083,51.583
633.00000000,27.250,51.583
640.00000000,27.417,51.583
644.00000000,27.583,51.583
647.00000000,27.750,51.583
643.00000000,27.917,51.583
638.00000000,28.083,51.583
629.00000000,28.250,51.583
628.00000000,28.417,51.583
630.00000000,28.583,51.583
632.00000000,28.750,51.583
634.00000000,28.917,51.583
636.00000000,29.083,51.583
636.00000000,29.250,51.583
631.00000000,29.417,51.583
625.00000000,29.583,51.583
614.00000000,29.750,51.583
601.00000000,29.917,51.583
590.00000000,30.083,51.583
579.00000000,30.250,51.583
577.00000000,30.417,51.583
582.00000000,30.583,51.583
590.00000000,30.750,51.583
594.00000000,30.917,51.583
595.00000000,31.083,51.583
597.00000000,31.250,51.583
596.00000000,31.417,51.583
602.00000000,31.583,51.583
609.00000000,31.750,51.583
614.00000000,31.917,51.583
618.00000000,32.083,51.583
619.00000000,32.250,51.583
619.00000000,32.417,51.583
621.00000000,32.583,51.583
630.00000000,32.750,51.583
639.00000000,32.917,51.583
640.00000000,33.083,51.583
637.00000000,33.250,51.583
635.00000000,33.417,51.583
627.00000000,33.583,51.583
618.00000000,33.750,51.583
609.00000000,33.917,51.583
613.00000000,34.083,51.583
624.00000000,34.250,51.583
629.00000000,34.417,51.583
536.00000000,23.583,51.417
546.00000000,23.750,51.417
558.00000000,23.917,51.417
573.00000000,24.083,51.417
579.00000000,24.250,51.417
583.00000000,24.417,51.417
584.00000000,24.583,51.417
589.00000000,24.750,51.417
594.00000000,24.917,51.417
601.00000000,25.083,51.417
604.00000000,25.250,51.417
608.00000000,25.417,51.417
613.00000000,25.583,51.417
608.00000000,25.750,51.417
604.00000000,25.917,51.417
605.00000000,26.083,51.417
601.00000000,26.250,51.417
605.00000000,26.417,51.417
609.00000000,26.583,51.417
616.00000000,26.750,51.417
624.00000000,26.917,51.417
630.00000000,27.083,51.417
637.00000000,27.250,51.417
644.00000000,27.417,51.417
650.00000000,27.583,51.417
650.00000000,27.750,51.417
642.00000000,27.917,51.417
642.00000000,28.083,51.417
642.00000000,28.250,51.417
635.00000000,28.417,51.417
635.00000000,28.583,51.417
636.00000000,28.750,51.417
640.00000000,28.917,51.417
643.00000000,29.083,51.417
646.00000000,29.250,51.417
645.00000000,29.417,51.417
636.00000000,29.583,51.417
620.00000000,29.750,51.417
610.00000000,29.917,51.417
595.00000000,30.083,51.417
585.00000000,30.250,51.417
584.00000000,30.417,51.417
587.00000000,30.583,51.417
594.00000000,30.750,51.417
597.00000000,30.917,51.417
598.00000000,31.083,51.417
595.00000000,31.250,51.417
595.00000000,31.417,51.417
601.00000000,31.583,51.417
605.00000000,31.750,51.417
609.00000000,31.917,51.417
612.00000000,32.083,51.417
611.00000000,32.250,51.417
611.00000000,32.417,51.417
613.00000000,32.583,51.417
614.00000000,32.750,51.417
617.00000000,32.917,51.417
626.00000000,33.083,51.417
624.00000000,33.250,51.417
620.00000000,33.417,51.417
617.00000000,33.583,51.417
611.00000000,33.750,51.417
611.00000000,33.917,51.417
615.00000000,34.083,51.417
618.00000000,34.250,51.417
620.00000000,34.417,51.417
628.00000000,34.583,51.417
624.00000000,34.750,51.417
626.00000000,34.917,51.417
633.00000000,35.083,51.417
547.00000000,23.583,51.250
558.00000000,23.750,51.250
572.00000000,23.917,51.250
583.00000000,24.083,51.250
589.00000000,24.250,51.250
593.00000000,24.417,51.250
588.00000000,24.583,51.250
591.00000000,24.750,51.250
597.00000000,24.917,51.250
601.00000000,25.083,51.250
605.00000000,25.250,51.250
614.00000000,25.417,51.250
614.00000000,25.583,51.250
607.00000000,25.750,51.250
602.00000000,25.917,51.250
601.00000000,26.083,51.250
603.00000000,26.250,51.250
606.00000000,26.417,51.250
615.00000000,26.583,51.250
619.00000000,26.750,51.250
629.00000000,26.917,51.250
636.00000000,27.083,51.250
641.00000000,27.250,51.250
647.00000000,27.417,51.250
650.00000000,27.583,51.250
647.00000000,27.750,51.250
643.00000000,27.917,51.250
642.00000000,28.083,51.250
641.00000000,28.250,51.250
638.00000000,28.417,51.250
634.00000000,28.583,51.250
635.00000000,28.750,51.250
638.00000000,28.917,51.250
643.00000000,29.083,51.250
648.00000000,29.250,51.250
650.00000000,29.417,51.250
638.00000000,29.583,51.250
626.00000000,29.750,51.250
616.00000000,29.917,51.250
602.00000000,30.083,51.250
592.00000000,30.250,51.250
588.00000000,30.417,51.250
589.00000000,30.583,51.250
598.00000000,30.750,51.250
599.00000000,30.917,51.250
594.00000000,31.083,51.250
595.00000000,31.250,51.250
596.00000000,31.417,51.250
603.00000000,31.583,51.250
607.00000000,31.750,51.250
613.00000000,31.917,51.250
612.00000000,32.083,51.250
614.00000000,32.250,51.250
610.00000000,32.417,51.250
610.00000000,32.583,51.250
609.00000000,32.750,51.250
611.00000000,32.917,51.250
608.00000000,33.083,51.250
610.00000000,33.250,51.250
613.00000000,33.417,51.250
612.00000000,33.583,51.250
610.00000000,33.750,51.250
610.00000000,33.917,51.250
609.00000000,34.083,51.250
612.00000000,34.250,51.250
616.00000000,34.417,51.250
617.00000000,34.583,51.250
618.00000000,34.750,51.250
623.00000000,34.917,51.250
623.00000000,35.083,51.250
623.00000000,35.250,51.250
630.00000000,35.417,51.250
570.00000000,23.750,51.083
580.00000000,23.917,51.083
591.00000000,24.083,51.083
599.00000000,24.250,51.083
598.00000000,24.417,51.083
599.00000000,24.583,51.083
595.00000000,24.750,51.083
599.00000000,24.917,51.083
599.00000000,25.083,51.083
599.00000000,25.250,51.083
601.00000000,25.417,51.083
602.00000000,25.583,51.083
596.00000000,25.750,51.083
597.00000000,25.917,51.083
600.00000000,26.083,51.083
603.00000000,26.250,51.083
609.00000000,26.417,51.083
617.00000000,26.583,51.083
623.00000000,26.750,51.083
631.00000000,26.917,51.083
640.00000000,27.083,51.083
644.00000000,27.250,51.083
645.00000000,27.417,51.083
647.00000000,27.583,51.083
647.00000000,27.750,51.083
641.00000000,27.917,51.083
639.00000000,28.083,51.083
636.00000000,28.250,51.083
632.00000000,28.417,51.083
630.00000000,28.583,51.083
629.00000000,28.750,51.083
635.00000000,28.917,51.083
643.00000000,29.083,51.083
649.00000000,29.250,51.083
651.00000000,29.417,51.083
640.00000000,29.583,51.083
628.00000000,29.750,51.083
617.00000000,29.917,51.083
609.00000000,30.083,51.083
603.00000000,30.250,51.083
588.00000000,30.417,51.083
585.00000000,30.583,51.083
600.00000000,30.750,51.083
597.00000000,30.917,51.083
598.00000000,31.083,51.083
595.00000000,31.250,51.083
597.00000000,31.417,51.083
602.00000000,31.583,51.083
605.00000000,31.750,51.083
612.00000000,31.917,51.083
614.00000000,32.083,51.083
611.00000000,32.250,51.083
612.00000000,32.417,51.083
610.00000000,32.583,51.083
611.00000000,32.750,51.083
608.00000000,32.917,51.083
609.00000000,33.083,51.083
609.00000000,33.250,51.083
611.00000000,33.417,51.083
613.00000000,33.583,51.083
614.00000000,33.750,51.083
614.00000000,33.917,51.083
615.00000000,34.083,51.083
611.00000000,34.250,51.083
612.00000000,34.417,51.083
613.00000000,34.583,51.083
620.00000000,34.750,51.083
622.00000000,34.917,51.083
621.00000000,35.083,51.083
618.00000000,35.250,51.083
624.00000000,35.417,51.083
625.00000000,35.583,51.083
588.00000000,23.750,50.917
596.00000000,23.917,50.917
604.00000000,24.083,50.917
615.00000000,24.250,50.917
616.00000000,24.417,50.917
613.00000000,24.583,50.917
608.00000000,24.750,50.917
602.00000000,24.917,50.917
603.00000000,25.083,50.917
595.00000000,25.250,50.917
590.00000000,25.417,50.917
592.00000000,25.583,50.917
591.00000000,25.750,50.917
594.00000000,25.917,50.917
597.00000000,26.083,50.917
601.00000000,26.250,50.917
610.00000000,26.417,50.917
618.00000000,26.583,50.917
627.00000000,26.750,50.917
634.00000000,26.917,50.917
642.00000000,27.083,50.917
649.00000000,27.250,50.917
652.00000000,27.417,50.917
650.00000000,27.583,50.917
644.00000000,27.750,50.917
641.00000000,27.917,50.917
638.00000000,28.083,50.917
633.00000000,28.250,50.917
629.00000000,28.417,50.917
623.00000000,28.583,50.917
623.00000000,28.750,50.917
631.00000000,28.917,50.917
639.00000000,29.083,50.917
641.00000000,29.250,50.917
644.00000000,29.417,50.917
638.00000000,29.583,50.917
630.00000000,29.750,50.917
619.00000000,29.917,50.917
611.00000000,30.083,50.917
607.00000000,30.250,50.917
595.00000000,30.417,50.917
588.00000000,30.583,50.917
599.00000000,30.750,50.917
598.00000000,30.917,50.917
593.00000000,31.083,50.917
588.00000000,31.250,50.917
590.00000000,31.417,50.917
596.00000000,31.583,50.917
599.00000000,31.750,50.917
603.00000000,31.917,50.917
608.00000000,32.083,50.917
612.00000000,32.250,50.917
607.00000000,32.417,50.917
608.00000000,32.583,50.917
607.00000000,32.750,50.917
607.00000000,32.917,50.917
606.00000000,33.083,50.917
608.00000000,33.250,50.917
614.00000000,33.417,50.917
615.00000000,33.583,50.917
617.00000000,33.750,50.917
615.00000000,33.917,50.917
613.00000000,34.083,50.917
611.00000000,34.250,50.917
608.00000000,34.417,50.917
607.00000000,34.583,50.917
609.00000000,34.750,50.917
609.00000000,34.917,50.917
614.00000000,35.083,50.917
619.00000000,35.250,50.917
620.00000000,35.417,50.917
620.00000000,35.583,50.917
607.00000000,23.917,50.750
617.00000000,24.083,50.750
631.00000000,24.250,50.750
630.00000000,24.417,50.750
628.00000000,24.583,50.750
624.00000000,24.750,50.750
619.00000000,24.917,50.750
610.00000000,25.083,50.750
599.00000000,25.250,50.750
589.00000000,25.417,50.750
587.00000000,25.583,50.750
588.00000000,25.750,50.750
594.00000000,25.917,50.750
596.00000000,26.083,50.750
604.00000000,26.250,50.750
615.00000000,26.417,50.750
624.00000000,26.583,50.750
635.00000000,26.750,50.750
638.00000000,26.917,50.750
646.00000000,27.083,50.750
651.00000000,27.250,50.750
652.00000000,27.417,50.750
650.00000000,27.583,50.750
641.00000000,27.750,50.750
638.00000000,27.917,50.750
631.00000000,28.083,50.750
632.00000000,28.250,50.750
626.00000000,28.417,50.750
621.00000000,28.583,50.750
621.00000000,28.750,50.750
626.00000000,28.917,50.750
630.00000000,29.083,50.750
632.00000000,29.250,50.750
632.00000000,29.417,50.750
635.00000000,29.583,50.750
628.00000000,29.750,50.750
622.00000000,29.917,50.750
619.00000000,30.083,50.750
613.00000000,30.250,50.750
594.00000000,30.417,50.750
589.00000000,30.583,50.750
595.00000000,30.750,50.750
595.00000000,30.917,50.750
586.00000000,31.083,50.750
582.00000000,31.250,50.750
583.00000000,31.417,50.750
584.00000000,31.583,50.750
585.00000000,31.750,50.750
591.00000000,31.917,50.750
597.00000000,32.083,50.750
605.00000000,32.250,50.750
608.00000000,32.417,50.750
607.00000000,32.583,50.750
605.00000000,32.750,50.750
602.00000000,32.917,50.750
603.00000000,33.083,50.750
605.00000000,33.250,50.750
609.00000000,33.417,50.750
609.00000000,33.583,50.750
613.00000000,33.750,50.750
611.00000000,33.917,50.750
608.00000000,34.083,50.750
606.00000000,34.250,50.750
603.00000000,34.417,50.750
599.00000000,34.583,50.750
595.00000000,34.750,50.750
601.00000000,34.917,50.750
606.00000000,35.083,50.750
611.00000000,35.250,50.750
614.00000000,35.417,50.750
615.00000000,35.583,50.750
618.00000000,23.750,50.583
624.00000000,23.917,50.583
630.00000000,24.083,50.583
636.00000000,24.250,50.583
638.00000000,24.417,50.583
635.00000000,24.583,50.583
633.00000000,24.750,50.583
626.00000000,24.917,50.583
619.00000000,25.083,50.583
607.00000000,25.250,50.583
593.00000000,25.417,50.583
595.00000000,25.583,50.583
597.00000000,25.750,50.583
598.00000000,25.917,50.583
599.00000000,26.083,50.583
604.00000000,26.250,50.583
621.00000000,26.417,50.583
626.00000000,26.583,50.583
638.00000000,26.750,50.583
648.00000000,26.917,50.583
652.00000000,27.083,50.583
654.00000000,27.250,50.583
655.00000000,27.417,50.583
647.00000000,27.583,50.583
643.00000000,27.750,50.583
638.00000000,27.917,50.583
633.00000000,28.083,50.583
626.00000000,28.250,50.583
621.00000000,28.417,50.583
617.00000000,28.583,50.583
619.00000000,28.750,50.583
622.00000000,28.917,50.583
626.00000000,29.083,50.583
629.00000000,29.250,50.583
626.00000000,29.417,50.583
627.00000000,29.583,50.583
627.00000000,29.750,50.583
617.00000000,29.917,50.583
618.00000000,30.083,50.583
612.00000000,30.250,50.583
607.00000000,30.417,50.583
591.00000000,30.583,50.583
593.00000000,30.750,50.583
584.00000000,30.917,50.583
573.00000000,31.083,50.583
568.00000000,31.250,50.583
569.00000000,31.417,50.583
569.00000000,31.583,50.583
569.00000000,31.750,50.583
579.00000000,31.917,50.583
588.00000000,32.083,50.583
596.00000000,32.250,50.583
602.00000000,32.417,50.583
604.00000000,32.583,50.583
597.00000000,32.750,50.583
599.00000000,32.917,50.583
597.00000000,33.083,50.583
589.00000000,33.250,50.583
597.00000000,33.417,50.583
606.00000000,33.583,50.583
609.00000000,33.750,50.583
611.00000000,33.917,50.583
603.00000000,34.083,50.583
600.00000000,34.250,50.583
588.00000000,34.417,50.583
588.00000000,34.583,50.583
595.00000000,34.750,50.583
596.00000000,34.917,50.583
598.00000000,35.083,50.583
596.00000000,35.250,50.583
597.00000000,35.417,50.583
599.00000000,35.583,50.583
611.00000000,35.750,50.583
619.00000000,35.917,50.583
626.00000000,36.083,50.583
625.00000000,36.250,50.583
565.00000000,37.250,50.583
565.00000000,37.417,50.583
560.00000000,37.583,50.583
631.00000000,23.583,50.417
628.00000000,23.750,50.417
634.00000000,23.917,50.417
641.00000000,24.083,50.417
643.00000000,24.250,50.417
648.00000000,24.417,50.417
647.00000000,24.583,50.417
641.00000000,24.750,50.417
637.00000000,24.917,50.417
632.00000000,25.083,50.417
625.00000000,25.250,50.417
617.00000000,25.417,50.417
615.00000000,25.583,50.417
609.00000000,25.750,50.417
616.00000000,25.917,50.417
614.00000000,26.083,50.417
616.00000000,26.250,50.417
625.00000000,26.417,50.417
629.00000000,26.583,50.417
646.00000000,26.750,50.417
654.00000000,26.917,50.417
659.00000000,27.083,50.417
660.00000000,27.250,50.417
655.00000000,27.417,50.417
649.00000000,27.583,50.417
645.00000000,27.750,50.417
636.00000000,27.917,50.417
631.00000000,28.083,50.417
624.00000000,28.250,50.417
615.00000000,28.417,50.417
612.00000000,28.583,50.417
616.00000000,28.750,50.417
617.00000000,28.917,50.417
619.00000000,29.083,50.417
621.00000000,29.250,50.417
620.00000000,29.417,50.417
622.00000000,29.583,50.417
621.00000000,29.750,50.417
618.00000000,29.917,50.417
612.00000000,30.083,50.417
611.00000000,30.250,50.417
616.00000000,30.417,50.417
598.00000000,30.583,50.417
588.00000000,30.750,50.417
574.00000000,30.917,50.417
562.00000000,31.083,50.417
552.00000000,31.250,50.417
549.00000000,31.417,50.417
555.00000000,31.583,50.417
558.00000000,31.750,50.417
563.00000000,31.917,50.417
574.00000000,32.083,50.417
583.00000000,32.250,50.417
587.00000000,32.417,50.417
593.00000000,32.583,50.417
595.00000000,32.750,50.417
596.00000000,32.917,50.417
588.00000000,33.083,50.417
577.00000000,33.250,50.417
578.00000000,33.417,50.417
594.00000000,33.583,50.417
600.00000000,33.750,50.417
607.00000000,33.917,50.417
595.00000000,34.083,50.417
591.00000000,34.250,50.417
586.00000000,34.417,50.417
587.00000000,34.583,50.417
591.00000000,34.750,50.417
587.00000000,34.917,50.417
584.00000000,35.083,50.417
580.00000000,35.250,50.417
582.00000000,35.417,50.417
586.00000000,35.583,50.417
598.00000000,35.750,50.417
614.00000000,35.917,50.417
632.00000000,36.083,50.417
636.00000000,36.250,50.417
613.00000000,36.417,50.417
590.00000000,36.583,50.417
576.00000000,36.750,50.417
566.00000000,36.917,50.417
562.00000000,37.083,50.417
560.00000000,37.250,50.417
560.00000000,37.417,50.417
556.00000000,37.583,50.417
553.00000000,37.750,50.417
629.00000000,23.250,50.250
658.00000000,23.417,50.250
651.00000000,23.583,50.250
644.00000000,23.750,50.250
647.00000000,23.917,50.250
651.00000000,24.083,50.250
651.00000000,24.250,50.250
652.00000000,24.417,50.250
655.00000000,24.583,50.250
651.00000000,24.750,50.250
650.00000000,24.917,50.250
646.00000000,25.083,50.250
641.00000000,25.250,50.250
638.00000000,25.417,50.250
629.00000000,25.583,50.250
624.00000000,25.750,50.250
630.00000000,25.917,50.250
627.00000000,26.083,50.250
627.00000000,26.250,50.250
629.00000000,26.417,50.250
638.00000000,26.583,50.250
651.00000000,26.750,50.250
666.00000000,26.917,50.250
676.00000000,27.083,50.250
671.00000000,27.250,50.250
665.00000000,27.417,50.250
656.00000000,27.583,50.250
647.00000000,27.750,50.250
642.00000000,27.917,50.250
634.00000000,28.083,50.250
625.00000000,28.250,50.250
619.00000000,28.417,50.250
614.00000000,28.583,50.250
616.00000000,28.750,50.250
615.00000000,28.917,50.250
620.00000000,29.083,50.250
619.00000000,29.250,50.250
616.00000000,29.417,50.250
618.00000000,29.583,50.250
615.00000000,29.750,50.250
609.00000000,29.917,50.250
603.00000000,30.083,50.250
605.00000000,30.250,50.250
600.00000000,30.417,50.250
586.00000000,30.583,50.250
572.00000000,30.750,50.250
567.00000000,30.917,50.250
556.00000000,31.083,50.250
542.00000000,31.250,50.250
537.00000000,31.417,50.250
543.00000000,31.583,50.250
544.00000000,31.750,50.250
553.00000000,31.917,50.250
562.00000000,32.083,50.250
570.00000000,32.250,50.250
573.00000000,32.417,50.250
580.00000000,32.583,50.250
590.00000000,32.750,50.250
593.00000000,32.917,50.250
591.00000000,33.083,50.250
575.00000000,33.250,50.250
572.00000000,33.417,50.250
582.00000000,33.583,50.250
585.00000000,33.750,50.250
587.00000000,33.917,50.250
588.00000000,34.083,50.250
586.00000000,34.250,50.250
580.00000000,34.417,50.250
579.00000000,34.583,50.250
577.00000000,34.750,50.250
579.00000000,34.917,50.250
581.00000000,35.083,50.250
579.00000000,35.250,50.250
572.00000000,35.417,50.250
573.00000000,35.583,50.250
585.00000000,35.750,50.250
598.00000000,35.917,50.250
620.00000000,36.083,50.250
629.00000000,36.250,50.250
602.00000000,36.417,50.250
585.00000000,36.583,50.250
570.00000000,36.750,50.250
558.00000000,36.917,50.250
557.00000000,37.083,50.250
557.00000000,37.250,50.250
557.00000000,37.417,50.250
553.00000000,37.583,50.250
555.00000000,37.750,50.250
555.00000000,38.083,50.250
552.00000000,38.250,50.250
547.00000000,38.417,50.250
622.00000000,23.083,50.083
639.00000000,23.250,50.083
657.00000000,23.417,50.083
683.00000000,23.583,50.083
670.00000000,23.750,50.083
664.00000000,23.917,50.083
662.00000000,24.083,50.083
661.00000000,24.250,50.083
661.00000000,24.417,50.083
660.00000000,24.583,50.083
659.00000000,24.750,50.083
659.00000000,24.917,50.083
664.00000000,25.083,50.083
663.00000000,25.250,50.083
656.00000000,25.417,50.083
645.00000000,25.583,50.083
648.00000000,25.750,50.083
639.00000000,25.917,50.083
630.00000000,26.083,50.083
630.00000000,26.250,50.083
640.00000000,26.417,50.083
649.00000000,26.583,50.083
658.00000000,26.750,50.083
672.00000000,26.917,50.083
679.00000000,27.083,50.083
673.00000000,27.250,50.083
664.00000000,27.417,50.083
654.00000000,27.583,50.083
646.00000000,27.750,50.083
643.00000000,27.917,50.083
633.00000000,28.083,50.083
628.00000000,28.250,50.083
623.00000000,28.417,50.083
619.00000000,28.583,50.083
620.00000000,28.750,50.083
621.00000000,28.917,50.083
621.00000000,29.083,50.083
618.00000000,29.250,50.083
617.00000000,29.417,50.083
612.00000000,29.583,50.083
607.00000000,29.750,50.083
606.00000000,29.917,50.083
599.00000000,30.083,50.083
593.00000000,30.250,50.083
589.00000000,30.417,50.083
586.00000000,30.583,50.083
570.00000000,30.750,50.083
559.00000000,30.917,50.083
551.00000000,31.083,50.083
544.00000000,31.250,50.083
538.00000000,31.417,50.083
540.00000000,31.583,50.083
545.00000000,31.750,50.083
552.00000000,31.917,50.083
557.00000000,32.083,50.083
563.00000000,32.250,50.083
563.00000000,32.417,50.083
571.00000000,32.583,50.083
584.00000000,32.750,50.083
597.00000000,32.917,50.083
586.00000000,33.083,50.083
572.00000000,33.250,50.083
569.00000000,33.417,50.083
568.00000000,33.583,50.083
567.00000000,33.750,50.083
569.00000000,33.917,50.083
571.00000000,34.083,50.083
569.00000000,34.250,50.083
570.00000000,34.417,50.083
573.00000000,34.583,50.083
565.00000000,34.750,50.083
574.00000000,34.917,50.083
576.00000000,35.083,50.083
572.00000000,35.250,50.083
566.00000000,35.417,50.083
561.00000000,35.583,50.083
571.00000000,35.750,50.083
573.00000000,35.917,50.083
583.00000000,36.083,50.083
590.00000000,36.250,50.083
580.00000000,36.417,50.083
570.00000000,36.583,50.083
557.00000000,36.750,50.083
550.00000000,36.917,50.083
550.00000000,37.083,50.083
555.00000000,37.250,50.083
554.00000000,37.417,50.083
553.00000000,37.583,50.083
552.00000000,37.750,50.083
552.00000000,37.917,50.083
549.00000000,38.083,50.083
549.00000000,38.250,50.083
545.00000000,38.417,50.083
539.00000000,38.583,50.083
531.00000000,38.750,50.083
617.00000000,22.917,49.917
631.00000000,23.083,49.917
647.00000000,23.250,49.917
664.00000000,23.417,49.917
683.00000000,23.583,49.917
696.00000000,23.750,49.917
697.00000000,23.917,49.917
679.00000000,24.083,49.917
672.00000000,24.250,49.917
669.00000000,24.417,49.917
662.00000000,24.583,49.917
662.00000000,24.750,49.917
677.00000000,24.917,49.917
682.00000000,25.083,49.917
676.00000000,25.250,49.917
666.00000000,25.417,49.917
652.00000000,25.583,49.917
647.00000000,25.750,49.917
637.00000000,25.917,49.917
631.00000000,26.083,49.917
631.00000000,26.250,49.917
638.00000000,26.417,49.917
649.00000000,26.583,49.917
657.00000000,26.750,49.917
666.00000000,26.917,49.917
671.00000000,27.083,49.917
667.00000000,27.250,49.917
662.00000000,27.417,49.917
654.00000000,27.583,49.917
644.00000000,27.750,49.917
642.00000000,27.917,49.917
635.00000000,28.083,49.917
633.00000000,28.250,49.917
626.00000000,28.417,49.917
623.00000000,28.583,49.917
626.00000000,28.750,49.917
623.00000000,28.917,49.917
623.00000000,29.083,49.917
619.00000000,29.250,49.917
616.00000000,29.417,49.917
609.00000000,29.583,49.917
605.00000000,29.750,49.917
595.00000000,29.917,49.917
585.00000000,30.083,49.917
576.00000000,30.250,49.917
579.00000000,30.417,49.917
576.00000000,30.583,49.917
573.00000000,30.750,49.917
569.00000000,30.917,49.917
561.00000000,31.083,49.917
549.00000000,31.250,49.917
539.00000000,31.417,49.917
537.00000000,31.583,49.917
545.00000000,31.750,49.917
547.00000000,31.917,49.917
554.00000000,32.083,49.917
558.00000000,32.250,49.917
560.00000000,32.417,49.917
564.00000000,32.583,49.917
574.00000000,32.750,49.917
579.00000000,32.917,49.917
572.00000000,33.083,49.917
563.00000000,33.250,49.917
550.00000000,33.417,49.917
548.00000000,33.583,49.917
552.00000000,33.750,49.917
554.00000000,33.917,49.917
563.00000000,34.083,49.917
566.00000000,34.250,49.917
564.00000000,34.417,49.917
562.00000000,34.583,49.917
560.00000000,34.750,49.917
567.00000000,34.917,49.917
572.00000000,35.083,49.917
574.00000000,35.250,49.917
562.00000000,35.417,49.917
555.00000000,35.583,49.917
555.00000000,35.750,49.917
555.00000000,35.917,49.917
552.00000000,36.083,49.917
555.00000000,36.250,49.917
557.00000000,36.417,49.917
554.00000000,36.583,49.917
543.00000000,36.750,49.917
536.00000000,36.917,49.917
541.00000000,37.083,49.917
545.00000000,37.250,49.917
548.00000000,37.417,49.917
547.00000000,37.583,49.917
544.00000000,37.750,49.917
549.00000000,37.917,49.917
552.00000000,38.083,49.917
546.00000000,38.250,49.917
540.00000000,38.417,49.917
533.00000000,38.583,49.917
526.00000000,38.750,49.917
518.00000000,38.917,49.917
521.00000000,39.083,49.917
520.00000000,39.250,49.917
517.00000000,39.417,49.917
518.00000000,39.583,49.917
685.00000000,22.583,49.750
655.00000000,22.750,49.750
648.00000000,22.917,49.750
663.00000000,23.083,49.750
675.00000000,23.250,49.750
687.00000000,23.417,49.750
694.00000000,23.583,49.750
699.00000000,23.750,49.750
705.00000000,23.917,49.750
710.00000000,24.083,49.750
690.00000000,24.250,49.750
689.00000000,24.417,49.750
689.00000000,24.583,49.750
696.00000000,24.750,49.750
692.00000000,24.917,49.750
688.00000000,25.083,49.750
676.00000000,25.250,49.750
658.00000000,25.417,49.750
651.00000000,25.583,49.750
643.00000000,25.750,49.750
640.00000000,25.917,49.750
637.00000000,26.083,49.750
640.00000000,26.250,49.750
642.00000000,26.417,49.750
651.00000000,26.583,49.750
658.00000000,26.750,49.750
661.00000000,26.917,49.750
664.00000000,27.083,49.750
663.00000000,27.250,49.750
661.00000000,27.417,49.750
656.00000000,27.583,49.750
651.00000000,27.750,49.750
644.00000000,27.917,49.750
640.00000000,28.083,49.750
636.00000000,28.250,49.750
633.00000000,28.417,49.750
628.00000000,28.583,49.750
631.00000000,28.750,49.750
629.00000000,28.917,49.750
626.00000000,29.083,49.750
622.00000000,29.250,49.750
620.00000000,29.417,49.750
616.00000000,29.583,49.750
606.00000000,29.750,49.750
590.00000000,29.917,49.750
578.00000000,30.083,49.750
569.00000000,30.250,49.750
570.00000000,30.417,49.750
569.00000000,30.583,49.750
567.00000000,30.750,49.750
564.00000000,30.917,49.750
564.00000000,31.083,49.750
559.00000000,31.250,49.750
554.00000000,31.417,49.750
545.00000000,31.583,49.750
546.00000000,31.750,49.750
549.00000000,31.917,49.750
554.00000000,32.083,49.750
554.00000000,32.250,49.750
552.00000000,32.417,49.750
557.00000000,32.583,49.750
554.00000000,32.750,49.750
551.00000000,32.917,49.750
547.00000000,33.083,49.750
530.00000000,33.250,49.750
525.00000000,33.417,49.750
532.00000000,33.583,49.750
535.00000000,33.750,49.750
540.00000000,33.917,49.750
547.00000000,34.083,49.750
549.00000000,34.250,49.750
553.00000000,34.417,49.750
549.00000000,34.583,49.750
551.00000000,34.750,49.750
559.00000000,34.917,49.750
562.00000000,35.083,49.750
561.00000000,35.250,49.750
555.00000000,35.417,49.750
548.00000000,35.583,49.750
542.00000000,35.750,49.750
537.00000000,35.917,49.750
532.00000000,36.083,49.750
532.00000000,36.250,49.750
534.00000000,36.417,49.750
530.00000000,36.583,49.750
530.00000000,36.750,49.750
529.00000000,36.917,49.750
534.00000000,37.083,49.750
540.00000000,37.250,49.750
548.00000000,37.417,49.750
541.00000000,37.583,49.750
541.00000000,37.750,49.750
549.00000000,37.917,49.750
545.00000000,38.083,49.750
541.00000000,38.250,49.750
536.00000000,38.417,49.750
534.00000000,38.583,49.750
525.00000000,38.750,49.750
516.00000000,38.917,49.750
514.00000000,39.083,49.750
513.00000000,39.250,49.750
517.00000000,39.417,49.750
521.00000000,39.583,49.750
519.00000000,39.750,49.750
519.00000000,39.917,49.750
525.00000000,40.083,49.750
523.00000000,40.250,49.750
778.00000000,22.583,49.583
731.00000000,22.750,49.583
709.00000000,22.917,49.583
711.00000000,23.083,49.583
715.00000000,23.250,49.583
716.00000000,23.417,49.583
715.00000000,23.583,49.583
713.00000000,23.750,49.583
714.00000000,23.917,49.583
730.00000000,24.083,49.583
715.00000000,24.250,49.583
713.00000000,24.417,49.583
700.00000000,24.583,49.583
700.00000000,24.750,49.583
689.00000000,24.917,49.583
681.00000000,25.083,49.583
668.00000000,25.250,49.583
650.00000000,25.417,49.583
635.00000000,25.583,49.583
631.00000000,25.750,49.583
636.00000000,25.917,49.583
632.00000000,26.083,49.583
635.00000000,26.250,49.583
640.00000000,26.417,49.583
648.00000000,26.583,49.583
652.00000000,26.750,49.583
658.00000000,26.917,49.583
661.00000000,27.083,49.583
661.00000000,27.250,49.583
660.00000000,27.417,49.583
652.00000000,27.583,49.583
647.00000000,27.750,49.583
642.00000000,27.917,49.583
637.00000000,28.083,49.583
629.00000000,28.250,49.583
628.00000000,28.417,49.583
631.00000000,28.583,49.583
632.00000000,28.750,49.583
632.00000000,28.917,49.583
630.00000000,29.083,49.583
625.00000000,29.250,49.583
620.00000000,29.417,49.583
616.00000000,29.583,49.583
603.00000000,29.750,49.583
591.00000000,29.917,49.583
583.00000000,30.083,49.583
575.00000000,30.250,49.583
575.00000000,30.417,49.583
568.00000000,30.583,49.583
569.00000000,30.750,49.583
569.00000000,30.917,49.583
567.00000000,31.083,49.583
563.00000000,31.250,49.583
553.00000000,31.417,49.583
546.00000000,31.583,49.583
543.00000000,31.750,49.583
542.00000000,31.917,49.583
541.00000000,32.083,49.583
546.00000000,32.250,49.583
549.00000000,32.417,49.583
547.00000000,32.583,49.583
538.00000000,32.750,49.583
536.00000000,32.917,49.583
523.00000000,33.083,49.583
505.00000000,33.250,49.583
507.00000000,33.417,49.583
516.00000000,33.583,49.583
522.00000000,33.750,49.583
528.00000000,33.917,49.583
532.00000000,34.083,49.583
539.00000000,34.250,49.583
543.00000000,34.417,49.583
539.00000000,34.583,49.583
541.00000000,34.750,49.583
550.00000000,34.917,49.583
551.00000000,35.083,49.583
547.00000000,35.250,49.583
543.00000000,35.417,49.583
537.00000000,35.583,49.583
535.00000000,35.750,49.583
536.00000000,35.917,49.583
536.00000000,36.083,49.583
531.00000000,36.250,49.583
522.00000000,36.417,49.583
516.00000000,36.583,49.583
515.00000000,36.750,49.583
516.00000000,36.917,49.583
527.00000000,37.083,49.583
540.00000000,37.250,49.583
544.00000000,37.417,49.583
541.00000000,37.583,49.583
539.00000000,37.750,49.583
542.00000000,37.917,49.583
534.00000000,38.083,49.583
535.00000000,38.250,49.583
532.00000000,38.417,49.583
530.00000000,38.583,49.583
526.00000000,38.750,49.583
521.00000000,38.917,49.583
512.00000000,39.083,49.583
513.00000000,39.250,49.583
517.00000000,39.417,49.583
521.00000000,39.583,49.583
521.00000000,39.750,49.583
524.00000000,39.917,49.583
529.00000000,40.083,49.583
529.00000000,40.250,49.583
841.00000000,22.583,49.417
854.00000000,22.750,49.417
830.00000000,22.917,49.417
801.00000000,23.083,49.417
780.00000000,23.250,49.417
759.00000000,23.417,49.417
747.00000000,23.583,49.417
740.00000000,23.750,49.417
728.00000000,23.917,49.417
721.00000000,24.083,49.417
712.00000000,24.250,49.417
704.00000000,24.417,49.417
699.00000000,24.583,49.417
697.00000000,24.750,49.417
687.00000000,24.917,49.417
680.00000000,25.083,49.417
664.00000000,25.250,49.417
644.00000000,25.417,49.417
635.00000000,25.583,49.417
629.00000000,25.750,49.417
631.00000000,25.917,49.417
632.00000000,26.083,49.417
630.00000000,26.250,49.417
638.00000000,26.417,49.417
644.00000000,26.583,49.417
649.00000000,26.750,49.417
652.00000000,26.917,49.417
657.00000000,27.083,49.417
656.00000000,27.250,49.417
651.00000000,27.417,49.417
650.00000000,27.583,49.417
645.00000000,27.750,49.417
643.00000000,27.917,49.417
636.00000000,28.083,49.417
630.00000000,28.250,49.417
624.00000000,28.417,49.417
623.00000000,28.583,49.417
627.00000000,28.750,49.417
635.00000000,28.917,49.417
638.00000000,29.083,49.417
633.00000000,29.250,49.417
627.00000000,29.417,49.417
614.00000000,29.583,49.417
604.00000000,29.750,49.417
595.00000000,29.917,49.417
587.00000000,30.083,49.417
580.00000000,30.250,49.417
576.00000000,30.417,49.417
575.00000000,30.583,49.417
575.00000000,30.750,49.417
570.00000000,30.917,49.417
564.00000000,31.083,49.417
563.00000000,31.250,49.417
557.00000000,31.417,49.417
553.00000000,31.583,49.417
551.00000000,31.750,49.417
548.00000000,31.917,49.417
538.00000000,32.083,49.417
525.00000000,32.250,49.417
530.00000000,32.417,49.417
534.00000000,32.583,49.417
522.00000000,32.750,49.417
518.00000000,32.917,49.417
513.00000000,33.083,49.417
506.00000000,33.250,49.417
506.00000000,33.417,49.417
509.00000000,33.583,49.417
512.00000000,33.750,49.417
517.00000000,33.917,49.417
529.00000000,34.083,49.417
532.00000000,34.250,49.417
532.00000000,34.417,49.417
531.00000000,34.583,49.417
539.00000000,34.750,49.417
541.00000000,34.917,49.417
541.00000000,35.083,49.417
538.00000000,35.250,49.417
535.00000000,35.417,49.417
529.00000000,35.583,49.417
533.00000000,35.750,49.417
534.00000000,35.917,49.417
534.00000000,36.083,49.417
530.00000000,36.250,49.417
526.00000000,36.417,49.417
518.00000000,36.583,49.417
506.00000000,36.750,49.417
504.00000000,36.917,49.417
521.00000000,37.083,49.417
540.00000000,37.250,49.417
546.00000000,37.417,49.417
535.00000000,37.583,49.417
536.00000000,37.750,49.417
536.00000000,37.917,49.417
528.00000000,38.083,49.417
528.00000000,38.250,49.417
529.00000000,38.417,49.417
530.00000000,38.583,49.417
525.00000000,38.750,49.417
518.00000000,38.917,49.417
515.00000000,39.083,49.417
516.00000000,39.250,49.417
515.00000000,39.417,49.417
514.00000000,39.583,49.417
519.00000000,39.750,49.417
517.00000000,39.917,49.417
523.00000000,40.083,49.417
523.00000000,40.250,49.417
936.00000000,22.583,49.250
935.00000000,22.750,49.250
921.00000000,22.917,49.250
951.00000000,23.083,49.250
935.00000000,23.250,49.250
902.00000000,23.417,49.250
828.00000000,23.583,49.250
785.00000000,23.750,49.250
766.00000000,23.917,49.250
742.00000000,24.083,49.250
725.00000000,24.250,49.250
712.00000000,24.417,49.250
689.00000000,24.583,49.250
678.00000000,24.750,49.250
682.00000000,24.917,49.250
675.00000000,25.083,49.250
664.00000000,25.250,49.250
648.00000000,25.417,49.250
638.00000000,25.583,49.250
631.00000000,25.750,49.250
630.00000000,25.917,49.250
628.00000000,26.083,49.250
630.00000000,26.250,49.250
633.00000000,26.417,49.250
633.00000000,26.583,49.250
638.00000000,26.750,49.250
640.00000000,26.917,49.250
647.00000000,27.083,49.250
647.00000000,27.250,49.250
649.00000000,27.417,49.250
651.00000000,27.583,49.250
645.00000000,27.750,49.250
640.00000000,27.917,49.250
631.00000000,28.083,49.250
625.00000000,28.250,49.250
623.00000000,28.417,49.250
621.00000000,28.583,49.250
621.00000000,28.750,49.250
629.00000000,28.917,49.250
632.00000000,29.083,49.250
637.00000000,29.250,49.250
622.00000000,29.417,49.250
613.00000000,29.583,49.250
607.00000000,29.750,49.250
597.00000000,29.917,49.250
588.00000000,30.083,49.250
582.00000000,30.250,49.250
578.00000000,30.417,49.250
577.00000000,30.583,49.250
573.00000000,30.750,49.250
571.00000000,30.917,49.250
568.00000000,31.083,49.250
566.00000000,31.250,49.250
561.00000000,31.417,49.250
562.00000000,31.583,49.250
558.00000000,31.750,49.250
554.00000000,31.917,49.250
552.00000000,32.083,49.250
539.00000000,32.250,49.250
529.00000000,32.417,49.250
518.00000000,32.583,49.250
511.00000000,32.750,49.250
502.00000000,32.917,49.250
501.00000000,33.083,49.250
502.00000000,33.250,49.250
504.00000000,33.417,49.250
500.00000000,33.583,49.250
507.00000000,33.750,49.250
515.00000000,33.917,49.250
524.00000000,34.083,49.250
525.00000000,34.250,49.250
525.00000000,34.417,49.250
532.00000000,34.583,49.250
536.00000000,34.750,49.250
536.00000000,34.917,49.250
533.00000000,35.083,49.250
532.00000000,35.250,49.250
527.00000000,35.417,49.250
529.00000000,35.583,49.250
530.00000000,35.750,49.250
531.00000000,35.917,49.250
531.00000000,36.083,49.250
531.00000000,36.250,49.250
525.00000000,36.417,49.250
524.00000000,36.583,49.250
520.00000000,36.750,49.250
514.00000000,36.917,49.250
526.00000000,37.083,49.250
544.00000000,37.250,49.250
544.00000000,37.417,49.250
530.00000000,37.583,49.250
535.00000000,37.750,49.250
529.00000000,37.917,49.250
525.00000000,38.083,49.250
524.00000000,38.250,49.250
527.00000000,38.417,49.250
525.00000000,38.583,49.250
529.00000000,38.750,49.250
518.00000000,38.917,49.250
522.00000000,39.083,49.250
517.00000000,39.250,49.250
511.00000000,39.417,49.250
506.00000000,39.583,49.250
513.00000000,39.750,49.250
512.00000000,39.917,49.250
517.00000000,40.083,49.250
519.00000000,40.250,49.250
514.00000000,40.417,49.250
995.00000000,22.417,49.083
1054.00000000,22.583,49.083
1099.00000000,22.750,49.083
1077.00000000,22.917,49.083
1081.00000000,23.083,49.083
1144.00000000,23.250,49.083
1049.00000000,23.417,49.083
933.00000000,23.583,49.083
873.00000000,23.750,49.083
819.00000000,23.917,49.083
801.00000000,24.083,49.083
766.00000000,24.250,49.083
730.00000000,24.417,49.083
706.00000000,24.583,49.083
678.00000000,24.750,49.083
663.00000000,24.917,49.083
665.00000000,25.083,49.083
661.00000000,25.250,49.083
648.00000000,25.417,49.083
642.00000000,25.583,49.083
631.00000000,25.750,49.083
628.00000000,25.917,49.083
625.00000000,26.083,49.083
623.00000000,26.250,49.083
626.00000000,26.417,49.083
624.00000000,26.583,49.083
628.00000000,26.750,49.083
629.00000000,26.917,49.083
632.00000000,27.083,49.083
639.00000000,27.250,49.083
641.00000000,27.417,49.083
640.00000000,27.583,49.083
642.00000000,27.750,49.083
634.00000000,27.917,49.083
632.00000000,28.083,49.083
621.00000000,28.250,49.083
618.00000000,28.417,49.083
617.00000000,28.583,49.083
621.00000000,28.750,49.083
623.00000000,28.917,49.083
621.00000000,29.083,49.083
622.00000000,29.250,49.083
617.00000000,29.417,49.083
612.00000000,29.583,49.083
607.00000000,29.750,49.083
596.00000000,29.917,49.083
588.00000000,30.083,49.083
583.00000000,30.250,49.083
575.00000000,30.417,49.083
575.00000000,30.583,49.083
572.00000000,30.750,49.083
566.00000000,30.917,49.083
566.00000000,31.083,49.083
565.00000000,31.250,49.083
562.00000000,31.417,49.083
561.00000000,31.583,49.083
557.00000000,31.750,49.083
550.00000000,31.917,49.083
549.00000000,32.083,49.083
550.00000000,32.250,49.083
547.00000000,32.417,49.083
533.00000000,32.583,49.083
521.00000000,32.750,49.083
511.00000000,32.917,49.083
501.00000000,33.083,49.083
495.00000000,33.250,49.083
497.00000000,33.417,49.083
496.00000000,33.583,49.083
503.00000000,33.750,49.083
513.00000000,33.917,49.083
519.00000000,34.083,49.083
518.00000000,34.250,49.083
521.00000000,34.417,49.083
522.00000000,34.583,49.083
525.00000000,34.750,49.083
526.00000000,34.917,49.083
526.00000000,35.083,49.083
524.00000000,35.250,49.083
526.00000000,35.417,49.083
526.00000000,35.583,49.083
527.00000000,35.750,49.083
529.00000000,35.917,49.083
529.00000000,36.083,49.083
534.00000000,36.250,49.083
533.00000000,36.417,49.083
525.00000000,36.583,49.083
519.00000000,36.750,49.083
521.00000000,36.917,49.083
535.00000000,37.083,49.083
542.00000000,37.250,49.083
536.00000000,37.417,49.083
528.00000000,37.583,49.083
522.00000000,37.750,49.083
518.00000000,37.917,49.083
523.00000000,38.083,49.083
523.00000000,38.250,49.083
525.00000000,38.417,49.083
524.00000000,38.583,49.083
527.00000000,38.750,49.083
517.00000000,38.917,49.083
519.00000000,39.083,49.083
509.00000000,39.250,49.083
514.00000000,39.417,49.083
508.00000000,39.583,49.083
505.00000000,39.750,49.083
505.00000000,39.917,49.083
510.00000000,40.083,49.083
512.00000000,40.250,49.083
889.00000000,22.250,48.917
864.00000000,22.417,48.917
973.00000000,22.583,48.917
1108.00000000,22.750,48.917
1228.00000000,22.917,48.917
1244.00000000,23.083,48.917
1257.00000000,23.250,48.917
1158.00000000,23.417,48.917
1160.00000000,23.583,48.917
1061.00000000,23.750,48.917
932.00000000,23.917,48.917
863.00000000,24.083,48.917
820.00000000,24.250,48.917
792.00000000,24.417,48.917
736.00000000,24.583,48.917
686.00000000,24.750,48.917
669.00000000,24.917,48.917
651.00000000,25.083,48.917
646.00000000,25.250,48.917
644.00000000,25.417,48.917
641.00000000,25.583,48.917
630.00000000,25.750,48.917
625.00000000,25.917,48.917
621.00000000,26.083,48.917
615.00000000,26.250,48.917
610.00000000,26.417,48.917
608.00000000,26.583,48.917
614.00000000,26.750,48.917
620.00000000,26.917,48.917
621.00000000,27.083,48.917
630.00000000,27.250,48.917
635.00000000,27.417,48.917
633.00000000,27.583,48.917
635.00000000,27.750,48.917
634.00000000,27.917,48.917
629.00000000,28.083,48.917
623.00000000,28.250,48.917
619.00000000,28.417,48.917
610.00000000,28.583,48.917
608.00000000,28.750,48.917
609.00000000,28.917,48.917
612.00000000,29.083,48.917
614.00000000,29.250,48.917
604.00000000,29.417,48.917
601.00000000,29.583,48.917
600.00000000,29.750,48.917
594.00000000,29.917,48.917
589.00000000,30.083,48.917
582.00000000,30.250,48.917
576.00000000,30.417,48.917
571.00000000,30.583,48.917
565.00000000,30.750,48.917
563.00000000,30.917,48.917
563.00000000,31.083,48.917
562.00000000,31.250,48.917
558.00000000,31.417,48.917
556.00000000,31.583,48.917
553.00000000,31.750,48.917
547.00000000,31.917,48.917
544.00000000,32.083,48.917
538.00000000,32.250,48.917
545.00000000,32.417,48.917
545.00000000,32.583,48.917
539.00000000,32.750,48.917
527.00000000,32.917,48.917
519.00000000,33.083,48.917
512.00000000,33.250,48.917
509.00000000,33.417,48.917
502.00000000,33.583,48.917
497.00000000,33.750,48.917
503.00000000,33.917,48.917
507.00000000,34.083,48.917
509.00000000,34.250,48.917
515.00000000,34.417,48.917
519.00000000,34.583,48.917
526.00000000,34.750,48.917
527.00000000,34.917,48.917
528.00000000,35.083,48.917
530.00000000,35.250,48.917
527.00000000,35.417,48.917
519.00000000,35.583,48.917
520.00000000,35.750,48.917
523.00000000,35.917,48.917
527.00000000,36.083,48.917
544.00000000,36.250,48.917
542.00000000,36.417,48.917
536.00000000,36.583,48.917
531.00000000,36.750,48.917
528.00000000,36.917,48.917
529.00000000,37.083,48.917
530.00000000,37.250,48.917
527.00000000,37.417,48.917
514.00000000,37.583,48.917
510.00000000,37.750,48.917
513.00000000,37.917,48.917
519.00000000,38.083,48.917
527.00000000,38.250,48.917
525.00000000,38.417,48.917
524.00000000,38.583,48.917
528.00000000,38.750,48.917
523.00000000,38.917,48.917
512.00000000,39.083,48.917
507.00000000,39.250,48.917
508.00000000,39.417,48.917
509.00000000,39.583,48.917
502.00000000,39.750,48.917
500.00000000,39.917,48.917
499.00000000,40.083,48.917
501.00000000,40.250,48.917
709.00000000,22.083,48.750
806.00000000,22.250,48.750
905.00000000,22.417,48.750
933.00000000,22.583,48.750
1088.00000000,22.750,48.750
1233.00000000,22.917,48.750
1310.00000000,23.083,48.750
1376.00000000,23.250,48.750
1291.00000000,23.417,48.750
1241.00000000,23.583,48.750
1219.00000000,23.750,48.750
1186.00000000,23.917,48.750
1049.00000000,24.083,48.750
943.00000000,24.250,48.750
845.00000000,24.417,48.750
766.00000000,24.583,48.750
709.00000000,24.750,48.750
673.00000000,24.917,48.750
658.00000000,25.083,48.750
642.00000000,25.250,48.750
639.00000000,25.417,48.750
632.00000000,25.583,48.750
629.00000000,25.750,48.750
625.00000000,25.917,48.750
615.00000000,26.083,48.750
609.00000000,26.250,48.750
597.00000000,26.417,48.750
590.00000000,26.583,48.750
598.00000000,26.750,48.750
605.00000000,26.917,48.750
609.00000000,27.083,48.750
614.00000000,27.250,48.750
619.00000000,27.417,48.750
623.00000000,27.583,48.750
624.00000000,27.750,48.750
625.00000000,27.917,48.750
620.00000000,28.083,48.750
615.00000000,28.250,48.750
613.00000000,28.417,48.750
608.00000000,28.583,48.750
601.00000000,28.750,48.750
598.00000000,28.917,48.750
594.00000000,29.083,48.750
596.00000000,29.250,48.750
597.00000000,29.417,48.750
595.00000000,29.583,48.750
593.00000000,29.750,48.750
586.00000000,29.917,48.750
584.00000000,30.083,48.750
578.00000000,30.250,48.750
572.00000000,30.417,48.750
567.00000000,30.583,48.750
558.00000000,30.750,48.750
556.00000000,30.917,48.750
555.00000000,31.083,48.750
552.00000000,31.250,48.750
550.00000000,31.417,48.750
549.00000000,31.583,48.750
545.00000000,31.750,48.750
541.00000000,31.917,48.750
532.00000000,32.083,48.750
532.00000000,32.250,48.750
536.00000000,32.417,48.750
541.00000000,32.583,48.750
539.00000000,32.750,48.750
526.00000000,32.917,48.750
519.00000000,33.083,48.750
520.00000000,33.250,48.750
514.00000000,33.417,48.750
510.00000000,33.583,48.750
510.00000000,33.750,48.750
505.00000000,33.917,48.750
501.00000000,34.083,48.750
498.00000000,34.250,48.750
507.00000000,34.417,48.750
515.00000000,34.583,48.750
520.00000000,34.750,48.750
523.00000000,34.917,48.750
524.00000000,35.083,48.750
519.00000000,35.250,48.750
513.00000000,35.417,48.750
511.00000000,35.583,48.750
511.00000000,35.750,48.750
515.00000000,35.917,48.750
520.00000000,36.083,48.750
532.00000000,36.250,48.750
538.00000000,36.417,48.750
533.00000000,36.583,48.750
526.00000000,36.750,48.750
526.00000000,36.917,48.750
524.00000000,37.083,48.750
520.00000000,37.250,48.750
514.00000000,37.417,48.750
505.00000000,37.583,48.750
518.00000000,37.750,48.750
520.00000000,37.917,48.750
522.00000000,38.083,48.750
534.00000000,38.250,48.750
536.00000000,38.417,48.750
530.00000000,38.583,48.750
522.00000000,38.750,48.750
517.00000000,38.917,48.750
507.00000000,39.083,48.750
501.00000000,39.250,48.750
499.00000000,39.417,48.750
505.00000000,39.583,48.750
496.00000000,39.750,48.750
498.00000000,39.917,48.750
494.00000000,40.083,48.750
675.00000000,22.083,48.583
724.00000000,22.250,48.583
799.00000000,22.417,48.583
899.00000000,22.583,48.583
1049.00000000,22.750,48.583
1110.00000000,22.917,48.583
1248.00000000,23.083,48.583
1384.00000000,23.250,48.583
1310.00000000,23.417,48.583
1281.00000000,23.583,48.583
1295.00000000,23.750,48.583
1297.00000000,23.917,48.583
1251.00000000,24.083,48.583
1144.00000000,24.250,48.583
1006.00000000,24.417,48.583
862.00000000,24.583,48.583
773.00000000,24.750,48.583
703.00000000,24.917,48.583
662.00000000,25.083,48.583
644.00000000,25.250,48.583
635.00000000,25.417,48.583
629.00000000,25.583,48.583
630.00000000,25.750,48.583
623.00000000,25.917,48.583
611.00000000,26.083,48.583
601.00000000,26.250,48.583
589.00000000,26.417,48.583
580.00000000,26.583,48.583
581.00000000,26.750,48.583
586.00000000,26.917,48.583
592.00000000,27.083,48.583
599.00000000,27.250,48.583
604.00000000,27.417,48.583
610.00000000,27.583,48.583
614.00000000,27.750,48.583
613.00000000,27.917,48.583
607.00000000,28.083,48.583
606.00000000,28.250,48.583
603.00000000,28.417,48.583
599.00000000,28.583,48.583
596.00000000,28.750,48.583
592.00000000,28.917,48.583
587.00000000,29.083,48.583
585.00000000,29.250,48.583
584.00000000,29.417,48.583
583.00000000,29.583,48.583
584.00000000,29.750,48.583
581.00000000,29.917,48.583
577.00000000,30.083,48.583
574.00000000,30.250,48.583
567.00000000,30.417,48.583
562.00000000,30.583,48.583
550.00000000,30.750,48.583
551.00000000,30.917,48.583
553.00000000,31.083,48.583
551.00000000,31.250,48.583
550.00000000,31.417,48.583
542.00000000,31.583,48.583
539.00000000,31.750,48.583
533.00000000,31.917,48.583
519.00000000,32.083,48.583
512.00000000,32.250,48.583
520.00000000,32.417,48.583
527.00000000,32.583,48.583
527.00000000,32.750,48.583
521.00000000,32.917,48.583
512.00000000,33.083,48.583
509.00000000,33.250,48.583
511.00000000,33.417,48.583
510.00000000,33.583,48.583
508.00000000,33.750,48.583
507.00000000,33.917,48.583
511.00000000,34.083,48.583
510.00000000,34.250,48.583
504.00000000,34.417,48.583
507.00000000,34.583,48.583
508.00000000,34.750,48.583
511.00000000,34.917,48.583
510.00000000,35.083,48.583
501.00000000,35.250,48.583
502.00000000,35.417,48.583
499.00000000,35.583,48.583
494.00000000,35.750,48.583
497.00000000,35.917,48.583
508.00000000,36.083,48.583
518.00000000,36.250,48.583
522.00000000,36.417,48.583
521.00000000,36.583,48.583
520.00000000,36.750,48.583
521.00000000,36.917,48.583
521.00000000,37.083,48.583
517.00000000,37.250,48.583
509.00000000,37.417,48.583
507.00000000,37.583,48.583
515.00000000,37.750,48.583
522.00000000,37.917,48.583
528.00000000,38.083,48.583
535.00000000,38.250,48.583
542.00000000,38.417,48.583
540.00000000,38.583,48.583
531.00000000,38.750,48.583
525.00000000,38.917,48.583
512.00000000,39.083,48.583
508.00000000,39.250,48.583
505.00000000,39.417,48.583
501.00000000,39.583,48.583
498.00000000,39.750,48.583
489.00000000,39.917,48.583
637.00000000,22.083,48.417
671.00000000,22.250,48.417
705.00000000,22.417,48.417
745.00000000,22.583,48.417
827.00000000,22.750,48.417
1022.00000000,22.917,48.417
1211.00000000,23.083,48.417
1165.00000000,23.250,48.417
1284.00000000,23.417,48.417
1237.00000000,23.583,48.417
1292.00000000,23.750,48.417
1276.00000000,23.917,48.417
1262.00000000,24.083,48.417
1222.00000000,24.250,48.417
1196.00000000,24.417,48.417
1010.00000000,24.583,48.417
902.00000000,24.750,48.417
757.00000000,24.917,48.417
683.00000000,25.083,48.417
649.00000000,25.250,48.417
632.00000000,25.417,48.417
630.00000000,25.583,48.417
626.00000000,25.750,48.417
630.00000000,25.917,48.417
624.00000000,26.083,48.417
606.00000000,26.250,48.417
588.00000000,26.417,48.417
576.00000000,26.583,48.417
579.00000000,26.750,48.417
581.00000000,26.917,48.417
588.00000000,27.083,48.417
593.00000000,27.250,48.417
598.00000000,27.417,48.417
602.00000000,27.583,48.417
605.00000000,27.750,48.417
604.00000000,27.917,48.417
598.00000000,28.083,48.417
594.00000000,28.250,48.417
589.00000000,28.417,48.417
587.00000000,28.583,48.417
586.00000000,28.750,48.417
581.00000000,28.917,48.417
578.00000000,29.083,48.417
574.00000000,29.250,48.417
573.00000000,29.417,48.417
573.00000000,29.583,48.417
570.00000000,29.750,48.417
573.00000000,29.917,48.417
572.00000000,30.083,48.417
567.00000000,30.250,48.417
562.00000000,30.417,48.417
553.00000000,30.583,48.417
546.00000000,30.750,48.417
544.00000000,30.917,48.417
544.00000000,31.083,48.417
543.00000000,31.250,48.417
543.00000000,31.417,48.417
536.00000000,31.583,48.417
531.00000000,31.750,48.417
522.00000000,31.917,48.417
513.00000000,32.083,48.417
502.00000000,32.250,48.417
506.00000000,32.417,48.417
514.00000000,32.583,48.417
520.00000000,32.750,48.417
516.00000000,32.917,48.417
509.00000000,33.083,48.417
504.00000000,33.250,48.417
502.00000000,33.417,48.417
499.00000000,33.583,48.417
497.00000000,33.750,48.417
499.00000000,33.917,48.417
507.00000000,34.083,48.417
511.00000000,34.250,48.417
509.00000000,34.417,48.417
512.00000000,34.583,48.417
513.00000000,34.750,48.417
518.00000000,34.917,48.417
510.00000000,35.083,48.417
506.00000000,35.250,48.417
503.00000000,35.417,48.417
502.00000000,35.583,48.417
495.00000000,35.750,48.417
495.00000000,35.917,48.417
500.00000000,36.083,48.417
509.00000000,36.250,48.417
512.00000000,36.417,48.417
516.00000000,36.583,48.417
515.00000000,36.750,48.417
516.00000000,36.917,48.417
520.00000000,37.083,48.417
518.00000000,37.250,48.417
512.00000000,37.417,48.417
515.00000000,37.583,48.417
513.00000000,37.750,48.417
527.00000000,37.917,48.417
536.00000000,38.083,48.417
542.00000000,38.250,48.417
558.00000000,38.417,48.417
556.00000000,38.583,48.417
548.00000000,38.750,48.417
535.00000000,38.917,48.417
529.00000000,39.083,48.417
521.00000000,39.250,48.417
522.00000000,39.417,48.417
518.00000000,39.583,48.417
506.00000000,39.750,48.417
488.00000000,39.917,48.417
477.00000000,40.083,48.417
598.00000000,22.083,48.250
631.00000000,22.250,48.250
663.00000000,22.417,48.250
697.00000000,22.583,48.250
772.00000000,22.750,48.250
855.00000000,22.917,48.250
951.00000000,23.083,48.250
1102.00000000,23.250,48.250
1068.00000000,23.417,48.250
1132.00000000,23.583,48.250
1167.00000000,23.750,48.250
1182.00000000,23.917,48.250
1274.00000000,24.083,48.250
1245.00000000,24.250,48.250
1137.00000000,24.417,48.250
1113.00000000,24.583,48.250
1052.00000000,24.750,48.250
889.00000000,24.917,48.250
768.00000000,25.083,48.250
695.00000000,25.250,48.250
666.00000000,25.417,48.250
647.00000000,25.583,48.250
638.00000000,25.750,48.250
621.00000000,25.917,48.250
604.00000000,26.083,48.250
590.00000000,26.250,48.250
582.00000000,26.417,48.250
577.00000000,26.583,48.250
570.00000000,26.750,48.250
571.00000000,26.917,48.250
580.00000000,27.083,48.250
584.00000000,27.250,48.250
587.00000000,27.417,48.250
596.00000000,27.750,48.250
597.00000000,27.917,48.250
588.00000000,28.083,48.250
579.00000000,28.250,48.250
573.00000000,28.417,48.250
567.00000000,28.583,48.250
571.00000000,28.750,48.250
571.00000000,28.917,48.250
569.00000000,29.083,48.250
563.00000000,29.250,48.250
564.00000000,29.417,48.250
567.00000000,29.583,48.250
565.00000000,29.750,48.250
565.00000000,29.917,48.250
562.00000000,30.083,48.250
559.00000000,30.250,48.250
554.00000000,30.417,48.250
547.00000000,30.583,48.250
539.00000000,30.750,48.250
532.00000000,30.917,48.250
533.00000000,31.083,48.250
530.00000000,31.250,48.250
534.00000000,31.417,48.250
532.00000000,31.583,48.250
524.00000000,31.750,48.250
516.00000000,31.917,48.250
505.00000000,32.083,48.250
499.00000000,32.250,48.250
498.00000000,32.417,48.250
504.00000000,32.583,48.250
509.00000000,32.750,48.250
507.00000000,32.917,48.250
500.00000000,33.083,48.250
493.00000000,33.250,48.250
488.00000000,33.417,48.250
489.00000000,33.583,48.250
488.00000000,33.750,48.250
495.00000000,33.917,48.250
500.00000000,34.083,48.250
503.00000000,34.250,48.250
507.00000000,34.417,48.250
506.00000000,34.583,48.250
506.00000000,34.750,48.250
509.00000000,34.917,48.250
511.00000000,35.083,48.250
497.00000000,35.250,48.250
502.00000000,35.417,48.250
500.00000000,35.583,48.250
497.00000000,35.750,48.250
496.00000000,35.917,48.250
498.00000000,36.083,48.250
506.00000000,36.250,48.250
513.00000000,36.417,48.250
516.00000000,36.583,48.250
517.00000000,36.750,48.250
513.00000000,36.917,48.250
513.00000000,37.083,48.250
515.00000000,37.250,48.250
518.00000000,37.417,48.250
523.00000000,37.583,48.250
525.00000000,37.750,48.250
527.00000000,37.917,48.250
539.00000000,38.083,48.250
546.00000000,38.250,48.250
556.00000000,38.417,48.250
557.00000000,38.583,48.250
554.00000000,38.750,48.250
555.00000000,38.917,48.250
552.00000000,39.083,48.250
547.00000000,39.250,48.250
540.00000000,39.417,48.250
532.00000000,39.583,48.250
519.00000000,39.750,48.250
501.00000000,39.917,48.250
492.00000000,40.083,48.250
635.00000000,22.417,48.083
674.00000000,22.583,48.083
735.00000000,22.750,48.083
810.00000000,22.917,48.083
891.00000000,23.083,48.083
1016.00000000,23.250,48.083
978.00000000,23.417,48.083
964.00000000,23.583,48.083
972.00000000,23.750,48.083
1017.00000000,23.917,48.083
1108.00000000,24.083,48.083
1123.00000000,24.250,48.083
1158.00000000,24.417,48.083
1216.00000000,24.583,48.083
1025.00000000,24.750,48.083
876.00000000,24.917,48.083
823.00000000,25.083,48.083
800.00000000,25.250,48.083
719.00000000,25.417,48.083
662.00000000,25.583,48.083
639.00000000,25.750,48.083
621.00000000,25.917,48.083
607.00000000,26.083,48.083
588.00000000,26.250,48.083
575.00000000,26.417,48.083
570.00000000,26.583,48.083
581.00000000,28.083,48.083
576.00000000,28.250,48.083
562.00000000,28.417,48.083
551.00000000,28.583,48.083
554.00000000,28.750,48.083
558.00000000,28.917,48.083
556.00000000,29.083,48.083
557.00000000,29.250,48.083
556.00000000,29.417,48.083
556.00000000,29.583,48.083
556.00000000,29.750,48.083
554.00000000,29.917,48.083
553.00000000,30.083,48.083
548.00000000,30.250,48.083
544.00000000,30.417,48.083
533.00000000,30.583,48.083
527.00000000,30.750,48.083
522.00000000,30.917,48.083
521.00000000,31.083,48.083
519.00000000,31.250,48.083
520.00000000,31.417,48.083
519.00000000,31.583,48.083
516.00000000,31.750,48.083
512.00000000,31.917,48.083
499.00000000,32.083,48.083
495.00000000,32.250,48.083
491.00000000,32.417,48.083
494.00000000,32.583,48.083
497.00000000,32.750,48.083
494.00000000,32.917,48.083
484.00000000,33.083,48.083
480.00000000,33.250,48.083
478.00000000,33.417,48.083
473.00000000,33.583,48.083
480.00000000,33.750,48.083
489.00000000,33.917,48.083
491.00000000,34.083,48.083
495.00000000,34.250,48.083
501.00000000,34.417,48.083
500.00000000,34.583,48.083
502.00000000,34.750,48.083
505.00000000,34.917,48.083
496.00000000,35.083,48.083
495.00000000,35.250,48.083
501.00000000,35.417,48.083
501.00000000,35.583,48.083
499.00000000,35.750,48.083
497.00000000,35.917,48.083
494.00000000,36.083,48.083
507.00000000,36.250,48.083
512.00000000,36.417,48.083
511.00000000,36.583,48.083
510.00000000,36.750,48.083
512.00000000,36.917,48.083
514.00000000,37.083,48.083
515.00000000,37.250,48.083
515.00000000,37.417,48.083
519.00000000,37.583,48.083
530.00000000,37.750,48.083
535.00000000,37.917,48.083
536.00000000,38.083,48.083
535.00000000,38.250,48.083
544.00000000,38.417,48.083
550.00000000,38.583,48.083
552.00000000,38.750,48.083
549.00000000,38.917,48.083
553.00000000,39.083,48.083
562.00000000,39.250,48.083
566.00000000,39.417,48.083
561.00000000,39.583,48.083
549.00000000,39.750,48.083
531.00000000,39.917,48.083
520.00000000,40.083,48.083
661.00000000,22.583,47.917
709.00000000,22.750,47.917
767.00000000,22.917,47.917
819.00000000,23.083,47.917
880.00000000,23.250,47.917
931.00000000,23.417,47.917
1041.00000000,23.583,47.917
988.00000000,23.750,47.917
873.00000000,23.917,47.917
950.00000000,24.083,47.917
1072.00000000,24.250,47.917
1159.00000000,24.417,47.917
1139.00000000,24.583,47.917
1082.00000000,24.750,47.917
951.00000000,24.917,47.917
868.00000000,25.083,47.917
817.00000000,25.250,47.917
762.00000000,25.417,47.917
693.00000000,25.583,47.917
642.00000000,25.750,47.917
615.00000000,25.917,47.917
599.00000000,26.083,47.917
588.00000000,26.250,47.917
572.00000000,28.417,47.917
561.00000000,28.583,47.917
547.00000000,28.750,47.917
540.00000000,28.917,47.917
541.00000000,29.083,47.917
546.00000000,29.250,47.917
547.00000000,29.417,47.917
547.00000000,29.583,47.917
544.00000000,29.750,47.917
545.00000000,29.917,47.917
544.00000000,30.083,47.917
543.00000000,30.250,47.917
535.00000000,30.417,47.917
524.00000000,30.583,47.917
518.00000000,30.750,47.917
511.00000000,30.917,47.917
503.00000000,31.083,47.917
504.00000000,31.250,47.917
502.00000000,31.417,47.917
498.00000000,31.583,47.917
503.00000000,31.750,47.917
496.00000000,31.917,47.917
489.00000000,32.083,47.917
484.00000000,32.250,47.917
478.00000000,32.417,47.917
476.00000000,32.583,47.917
481.00000000,32.750,47.917
480.00000000,32.917,47.917
474.00000000,33.083,47.917
464.00000000,33.250,47.917
469.00000000,33.417,47.917
466.00000000,33.583,47.917
469.00000000,33.750,47.917
475.00000000,33.917,47.917
482.00000000,34.083,47.917
486.00000000,34.250,47.917
492.00000000,34.417,47.917
494.00000000,34.583,47.917
495.00000000,34.750,47.917
495.00000000,34.917,47.917
490.00000000,35.083,47.917
491.00000000,35.250,47.917
494.00000000,35.417,47.917
496.00000000,35.583,47.917
494.00000000,35.750,47.917
494.00000000,35.917,47.917
503.00000000,36.083,47.917
500.00000000,36.250,47.917
508.00000000,36.417,47.917
510.00000000,36.583,47.917
515.00000000,36.750,47.917
514.00000000,36.917,47.917
514.00000000,37.083,47.917
511.00000000,37.250,47.917
517.00000000,37.417,47.917
523.00000000,37.583,47.917
527.00000000,37.750,47.917
526.00000000,37.917,47.917
528.00000000,38.083,47.917
527.00000000,38.250,47.917
528.00000000,38.417,47.917
534.00000000,38.583,47.917
543.00000000,38.750,47.917
542.00000000,38.917,47.917
551.00000000,39.083,47.917
559.00000000,39.250,47.917
565.00000000,39.417,47.917
564.00000000,39.583,47.917
558.00000000,39.750,47.917
545.00000000,39.917,47.917
897.00000000,23.917,47.750
878.00000000,24.083,47.750
873.00000000,24.250,47.750
931.00000000,24.417,47.750
998.00000000,24.583,47.750
1014.00000000,24.750,47.750
991.00000000,24.917,47.750
899.00000000,25.083,47.750
825.00000000,25.250,47.750
760.00000000,25.417,47.750
719.00000000,25.583,47.750
666.00000000,25.750,47.750
537.00000000,29.083,47.750
542.00000000,29.250,47.750
540.00000000,29.417,47.750
540.00000000,29.583,47.750
536.00000000,29.750,47.750
534.00000000,29.917,47.750
536.00000000,30.083,47.750
535.00000000,30.250,47.750
525.00000000,30.417,47.750
515.00000000,30.583,47.750
507.00000000,30.750,47.750
499.00000000,30.917,47.750
487.00000000,31.083,47.750
483.00000000,31.250,47.750
482.00000000,31.417,47.750
484.00000000,31.583,47.750
481.00000000,31.750,47.750
478.00000000,31.917,47.750
473.00000000,32.083,47.750
469.00000000,32.250,47.750
463.00000000,32.417,47.750
464.00000000,32.583,47.750
464.00000000,32.750,47.750
463.00000000,32.917,47.750
464.00000000,33.083,47.750
459.00000000,33.250,47.750
461.00000000,33.417,47.750
460.00000000,33.583,47.750
458.00000000,33.750,47.750
463.00000000,33.917,47.750
467.00000000,34.083,47.750
472.00000000,34.250,47.750
477.00000000,34.417,47.750
478.00000000,34.583,47.750
482.00000000,34.750,47.750
489.00000000,34.917,47.750
479.00000000,35.083,47.750
479.00000000,35.250,47.750
486.00000000,35.417,47.750
488.00000000,35.583,47.750
493.00000000,35.750,47.750
500.00000000,35.917,47.750
505.00000000,36.083,47.750
505.00000000,36.250,47.750
514.00000000,36.417,47.750
518.00000000,36.583,47.750
520.00000000,36.750,47.750
521.00000000,36.917,47.750
519.00000000,37.083,47.750
521.00000000,37.250,47.750
524.00000000,37.417,47.750
525.00000000,37.583,47.750
527.00000000,37.750,47.750
529.00000000,37.917,47.750
525.00000000,38.083,47.750
532.00000000,38.250,47.750
529.00000000,38.417,47.750
530.00000000,38.583,47.750
537.00000000,38.750,47.750
546.00000000,38.917,47.750
557.00000000,39.083,47.750
562.00000000,39.250,47.750
566.00000000,39.417,47.750
569.00000000,39.583,47.750
562.00000000,39.750,47.750
553.00000000,39.917,47.750
983.00000000,24.750,47.583
961.00000000,24.917,47.583
865.00000000,25.083,47.583
543.00000000,29.083,47.583
536.00000000,29.250,47.583
536.00000000,29.417,47.583
534.00000000,29.583,47.583
529.00000000,29.750,47.583
526.00000000,29.917,47.583
523.00000000,30.083,47.583
518.00000000,30.250,47.583
510.00000000,30.417,47.583
507.00000000,30.583,47.583
497.00000000,30.750,47.583
489.00000000,30.917,47.583
480.00000000,31.083,47.583
465.00000000,31.250,47.583
467.00000000,31.417,47.583
472.00000000,31.583,47.583
468.00000000,31.750,47.583
466.00000000,31.917,47.583
459.00000000,32.083,47.583
456.00000000,32.250,47.583
448.00000000,32.417,47.583
449.00000000,32.583,47.583
453.00000000,32.750,47.583
452.00000000,32.917,47.583
458.00000000,33.083,47.583
455.00000000,33.250,47.583
458.00000000,33.417,47.583
453.00000000,33.583,47.583
454.00000000,33.750,47.583
452.00000000,33.917,47.583
442.00000000,34.083,47.583
448.00000000,34.250,47.583
454.00000000,34.417,47.583
450.00000000,34.583,47.583
458.00000000,34.750,47.583
464.00000000,34.917,47.583
456.00000000,35.083,47.583
455.00000000,35.250,47.583
478.00000000,35.417,47.583
487.00000000,35.583,47.583
488.00000000,35.750,47.583
500.00000000,35.917,47.583
508.00000000,36.083,47.583
519.00000000,36.250,47.583
526.00000000,36.417,47.583
527.00000000,36.583,47.583
528.00000000,36.750,47.583
527.00000000,36.917,47.583
523.00000000,37.083,47.583
525.00000000,37.250,47.583
531.00000000,37.417,47.583
530.00000000,37.583,47.583
528.00000000,37.750,47.583
527.00000000,37.917,47.583
526.00000000,38.083,47.583
528.00000000,38.250,47.583
534.00000000,38.417,47.583
537.00000000,38.583,47.583
544.00000000,38.750,47.583
551.00000000,38.917,47.583
540.00000000,29.083,47.417
531.00000000,29.250,47.417
531.00000000,29.417,47.417
527.00000000,29.583,47.417
518.00000000,29.750,47.417
515.00000000,29.917,47.417
509.00000000,30.083,47.417
508.00000000,30.250,47.417
503.00000000,30.417,47.417
494.00000000,30.583,47.417
490.00000000,30.750,47.417
481.00000000,30.917,47.417
474.00000000,31.083,47.417
467.00000000,31.250,47.417
460.00000000,31.417,47.417
458.00000000,31.583,47.417
460.00000000,31.750,47.417
455.00000000,31.917,47.417
448.00000000,32.083,47.417
443.00000000,32.250,47.417
438.00000000,32.417,47.417
442.00000000,32.583,47.417
445.00000000,32.750,47.417
446.00000000,32.917,47.417
451.00000000,33.083,47.417
451.00000000,33.250,47.417
451.00000000,33.417,47.417
450.00000000,33.583,47.417
448.00000000,33.750,47.417
439.00000000,33.917,47.417
427.00000000,34.083,47.417
434.00000000,34.250,47.417
438.00000000,34.417,47.417
448.00000000,34.583,47.417
446.00000000,34.750,47.417
445.00000000,34.917,47.417
451.00000000,35.083,47.417
464.00000000,35.250,47.417
475.00000000,35.417,47.417
481.00000000,35.583,47.417
492.00000000,35.750,47.417
501.00000000,35.917,47.417
517.00000000,36.083,47.417
531.00000000,36.250,47.417
540.00000000,36.417,47.417
536.00000000,36.583,47.417
535.00000000,36.750,47.417
533.00000000,36.917,47.417
527.00000000,37.083,47.417
522.00000000,37.250,47.417
521.00000000,37.417,47.417
521.00000000,37.583,47.417
526.00000000,37.750,47.417
528.00000000,37.917,47.417
529.00000000,38.083,47.417
530.00000000,38.250,47.417
537.00000000,38.417,47.417
533.00000000,29.250,47.250
527.00000000,29.417,47.250
521.00000000,29.583,47.250
510.00000000,29.750,47.250
508.00000000,29.917,47.250
504.00000000,30.083,47.250
498.00000000,30.250,47.250
498.00000000,30.417,47.250
489.00000000,30.583,47.250
480.00000000,30.750,47.250
475.00000000,30.917,47.250
470.00000000,31.083,47.250
464.00000000,31.250,47.250
460.00000000,31.417,47.250
459.00000000,31.583,47.250
450.00000000,31.750,47.250
447.00000000,31.917,47.250
443.00000000,32.083,47.250
436.00000000,32.250,47.250
436.00000000,32.417,47.250
436.00000000,32.583,47.250
440.00000000,32.750,47.250
443.00000000,32.917,47.250
443.00000000,33.083,47.250
450.00000000,33.250,47.250
449.00000000,33.417,47.250
445.00000000,33.583,47.250
442.00000000,33.750,47.250
426.00000000,33.917,47.250
433.00000000,34.083,47.250
435.00000000,34.250,47.250
438.00000000,34.417,47.250
441.00000000,34.583,47.250
447.00000000,34.750,47.250
454.00000000,34.917,47.250
460.00000000,35.083,47.250
467.00000000,35.250,47.250
472.00000000,35.417,47.250
477.00000000,35.583,47.250
483.00000000,35.750,47.250
496.00000000,35.917,47.250
511.00000000,36.083,47.250
534.00000000,36.250,47.250
547.00000000,36.417,47.250
539.00000000,36.583,47.250
531.00000000,36.750,47.250
524.00000000,36.917,47.250
523.00000000,37.083,47.250
521.00000000,37.250,47.250
521.00000000,37.417,47.250
523.00000000,37.583,47.250
523.00000000,37.750,47.250
527.00000000,37.917,47.250
531.00000000,38.083,47.250
533.00000000,38.250,47.250
538.00000000,38.417,47.250
520.00000000,29.417,47.083
518.00000000,29.583,47.083
510.00000000,29.750,47.083
504.00000000,29.917,47.083
498.00000000,30.083,47.083
493.00000000,30.250,47.083
492.00000000,30.417,47.083
488.00000000,30.583,47.083
478.00000000,30.750,47.083
465.00000000,30.917,47.083
457.00000000,31.083,47.083
449.00000000,31.250,47.083
452.00000000,31.417,47.083
451.00000000,31.583,47.083
443.00000000,31.750,47.083
438.00000000,31.917,47.083
435.00000000,32.083,47.083
434.00000000,32.250,47.083
433.00000000,32.417,47.083
435.00000000,32.583,47.083
434.00000000,32.750,47.083
434.00000000,32.917,47.083
439.00000000,33.083,47.083
439.00000000,33.250,47.083
439.00000000,33.417,47.083
435.00000000,33.583,47.083
423.00000000,33.750,47.083
423.00000000,33.917,47.083
426.00000000,34.083,47.083
424.00000000,34.250,47.083
425.00000000,34.417,47.083
431.00000000,34.583,47.083
437.00000000,34.750,47.083
443.00000000,34.917,47.083
451.00000000,35.083,47.083
457.00000000,35.250,47.083
460.00000000,35.417,47.083
463.00000000,35.583,47.083
471.00000000,35.750,47.083
484.00000000,35.917,47.083
502.00000000,36.083,47.083
519.00000000,36.250,47.083
519.00000000,36.417,47.083
519.00000000,36.583,47.083
517.00000000,36.750,47.083
514.00000000,36.917,47.083
518.00000000,37.083,47.083
515.00000000,37.250,47.083
515.00000000,37.417,47.083
525.00000000,37.583,47.083
518.00000000,37.750,47.083
524.00000000,37.917,47.083
524.00000000,38.083,47.083
531.00000000,38.250,47.083
533.00000000,38.417,47.083
516.00000000,29.417,46.917
510.00000000,29.583,46.917
509.00000000,29.750,46.917
502.00000000,29.917,46.917
499.00000000,30.083,46.917
494.00000000,30.250,46.917
486.00000000,30.417,46.917
480.00000000,30.583,46.917
474.00000000,30.750,46.917
461.00000000,30.917,46.917
444.00000000,31.083,46.917
447.00000000,31.250,46.917
443.00000000,31.417,46.917
438.00000000,31.583,46.917
435.00000000,31.750,46.917
427.00000000,31.917,46.917
429.00000000,32.083,46.917
430.00000000,32.250,46.917
432.00000000,32.417,46.917
432.00000000,32.583,46.917
433.00000000,32.750,46.917
432.00000000,32.917,46.917
431.00000000,33.083,46.917
432.00000000,33.250,46.917
432.00000000,33.417,46.917
417.00000000,33.583,46.917
418.00000000,33.750,46.917
419.00000000,33.917,46.917
418.00000000,34.083,46.917
412.00000000,34.250,46.917
410.00000000,34.417,46.917
418.00000000,34.583,46.917
428.00000000,34.750,46.917
432.00000000,34.917,46.917
438.00000000,35.083,46.917
441.00000000,35.250,46.917
447.00000000,35.417,46.917
450.00000000,35.583,46.917
459.00000000,35.750,46.917
472.00000000,35.917,46.917
482.00000000,36.083,46.917
491.00000000,36.250,46.917
495.00000000,36.417,46.917
496.00000000,36.583,46.917
498.00000000,36.750,46.917
502.00000000,36.917,46.917
503.00000000,37.083,46.917
506.00000000,37.250,46.917
503.00000000,37.417,46.917
532.00000000,29.250,46.750
507.00000000,29.583,46.750
508.00000000,29.750,46.750
507.00000000,29.917,46.750
507.00000000,30.083,46.750
495.00000000,30.250,46.750
482.00000000,30.417,46.750
470.00000000,30.583,46.750
466.00000000,30.750,46.750
453.00000000,30.917,46.750
441.00000000,31.083,46.750
432.00000000,31.250,46.750
428.00000000,31.417,46.750
421.00000000,31.583,46.750
418.00000000,31.750,46.750
413.00000000,31.917,46.750
418.00000000,32.083,46.750
420.00000000,32.250,46.750
426.00000000,32.417,46.750
432.00000000,32.583,46.750
430.00000000,32.750,46.750
426.00000000,32.917,46.750
422.00000000,33.083,46.750
421.00000000,33.250,46.750
416.00000000,33.417,46.750
416.00000000,33.583,46.750
416.00000000,33.750,46.750
415.00000000,33.917,46.750
407.00000000,34.083,46.750
402.00000000,34.250,46.750
403.00000000,34.417,46.750
409.00000000,34.583,46.750
414.00000000,34.750,46.750
421.00000000,34.917,46.750
424.00000000,35.083,46.750
427.00000000,35.250,46.750
433.00000000,35.417,46.750
438.00000000,35.583,46.750
444.00000000,35.750,46.750
445.00000000,35.917,46.750
455.00000000,36.083,46.750
465.00000000,36.250,46.750
475.00000000,36.417,46.750
485.00000000,36.583,46.750
484.00000000,36.750,46.750
479.00000000,36.917,46.750
541.00000000,28.917,46.583
539.00000000,29.083,46.583
533.00000000,29.250,46.583
533.00000000,29.417,46.583
528.00000000,29.583,46.583
524.00000000,29.750,46.583
516.00000000,29.917,46.583
506.00000000,30.083,46.583
497.00000000,30.250,46.583
482.00000000,30.417,46.583
463.00000000,30.583,46.583
449.00000000,30.750,46.583
443.00000000,30.917,46.583
432.00000000,31.083,46.583
417.00000000,31.250,46.583
405.00000000,31.417,46.583
393.00000000,31.583,46.583
388.00000000,31.750,46.583
391.00000000,31.917,46.583
404.00000000,32.083,46.583
407.00000000,32.250,46.583
413.00000000,32.417,46.583
416.00000000,32.583,46.583
421.00000000,32.750,46.583
423.00000000,32.917,46.583
420.00000000,33.083,46.583
418.00000000,33.250,46.583
416.00000000,33.417,46.583
413.00000000,33.583,46.583
410.00000000,33.750,46.583
407.00000000,33.917,46.583
404.00000000,34.083,46.583
405.00000000,34.250,46.583
405.00000000,34.417,46.583
405.00000000,34.583,46.583
409.00000000,34.750,46.583
410.00000000,34.917,46.583
414.00000000,35.083,46.583
414.00000000,35.250,46.583
415.00000000,35.417,46.583
424.00000000,35.583,46.583
425.00000000,35.750,46.583
428.00000000,35.917,46.583
431.00000000,36.083,46.583
443.00000000,36.250,46.583
467.00000000,36.750,46.583
528.00000000,28.750,46.417
537.00000000,28.917,46.417
546.00000000,29.083,46.417
537.00000000,29.250,46.417
536.00000000,29.417,46.417
531.00000000,29.583,46.417
535.00000000,29.750,46.417
530.00000000,29.917,46.417
494.00000000,30.083,46.417
477.00000000,30.250,46.417
474.00000000,30.417,46.417
462.00000000,30.583,46.417
453.00000000,30.750,46.417
351.00000000,31.583,46.417
369.00000000,31.750,46.417
374.00000000,31.917,46.417
381.00000000,32.083,46.417
394.00000000,32.250,46.417
405.00000000,32.417,46.417
419.00000000,32.583,46.417
422.00000000,32.750,46.417
419.00000000,32.917,46.417
417.00000000,33.083,46.417
416.00000000,33.250,46.417
412.00000000,33.417,46.417
408.00000000,33.583,46.417
403.00000000,33.750,46.417
403.00000000,33.917,46.417
402.00000000,34.083,46.417
400.00000000,34.250,46.417
398.00000000,34.417,46.417
400.00000000,34.583,46.417
404.00000000,34.750,46.417
403.00000000,34.917,46.417
402.00000000,35.083,46.417
402.00000000,35.250,46.417
397.00000000,35.417,46.417
408.00000000,35.583,46.417
433.00000000,36.083,46.417
553.00000000,28.917,46.250
548.00000000,29.083,46.250
530.00000000,29.250,46.250
524.00000000,29.417,46.250
518.00000000,29.583,46.250
515.00000000,29.750,46.250
505.00000000,29.917,46.250
488.00000000,30.083,46.250
465.00000000,30.250,46.250
460.00000000,30.417,46.250
450.00000000,30.583,46.250
442.00000000,30.750,46.250
334.00000000,31.583,46.250
359.00000000,31.750,46.250
367.00000000,31.917,46.250
379.00000000,32.083,46.250
387.00000000,32.250,46.250
399.00000000,32.417,46.250
412.00000000,32.583,46.250
417.00000000,32.750,46.250
413.00000000,32.917,46.250
411.00000000,33.083,46.250
409.00000000,33.250,46.250
407.00000000,33.417,46.250
401.00000000,33.583,46.250
400.00000000,33.750,46.250
396.00000000,33.917,46.250
392.00000000,34.083,46.250
387.00000000,34.250,46.250
391.00000000,34.417,46.250
397.00000000,34.583,46.250
398.00000000,34.750,46.250
398.00000000,34.917,46.250
396.00000000,35.083,46.250
386.00000000,35.250,46.250
540.00000000,28.750,46.083
562.00000000,28.917,46.083
543.00000000,29.083,46.083
519.00000000,29.250,46.083
505.00000000,29.417,46.083
494.00000000,29.583,46.083
484.00000000,29.750,46.083
477.00000000,29.917,46.083
468.00000000,30.083,46.083
455.00000000,30.250,46.083
437.00000000,30.417,46.083
437.00000000,30.583,46.083
422.00000000,32.083,46.083
381.00000000,32.250,46.083
387.00000000,32.417,46.083
399.00000000,32.583,46.083
401.00000000,32.750,46.083
394.00000000,32.917,46.083
395.00000000,33.083,46.083
400.00000000,33.250,46.083
396.00000000,33.417,46.083
391.00000000,33.583,46.083
386.00000000,33.750,46.083
389.00000000,33.917,46.083
389.00000000,34.083,46.083
387.00000000,34.250,46.083
381.00000000,34.417,46.083
383.00000000,34.583,46.083
378.00000000,34.750,46.083
373.00000000,34.917,46.083
375.00000000,35.083,46.083
379.00000000,35.250,46.083
515.00000000,28.583,45.917
535.00000000,28.750,45.917
535.00000000,28.917,45.917
517.00000000,29.083,45.917
499.00000000,29.250,45.917
485.00000000,29.417,45.917
467.00000000,29.583,45.917
457.00000000,29.750,45.917
447.00000000,29.917,45.917
441.00000000,30.083,45.917
433.00000000,30.250,45.917
421.00000000,30.417,45.917
384.00000000,33.417,45.917
385.00000000,33.583,45.917
384.00000000,33.750,45.917
390.00000000,33.917,45.917
398.00000000,34.083,45.917
396.00000000,34.250,45.917
388.00000000,34.417,45.917
379.00000000,34.583,45.917
371.00000000,34.750,45.917
362.00000000,34.917,45.917
508.00000000,28.417,45.750
503.00000000,28.583,45.750
507.00000000,28.750,45.750
500.00000000,28.917,45.750
490.00000000,29.083,45.750
475.00000000,29.250,45.750
458.00000000,29.417,45.750
438.00000000,29.583,45.750
424.00000000,29.750,45.750
421.00000000,29.917,45.750
421.00000000,30.083,45.750
388.00000000,32.917,45.750
389.00000000,33.083,45.750
393.00000000,33.250,45.750
403.00000000,33.417,45.750
407.00000000,33.583,45.750
414.00000000,33.750,45.750
423.00000000,33.917,45.750
424.00000000,34.083,45.750
419.00000000,34.250,45.750
406.00000000,34.417,45.750
396.00000000,34.583,45.750
380.00000000,34.750,45.750
373.00000000,34.917,45.750
373.00000000,35.083,45.750
482.00000000,28.083,45.583
493.00000000,28.250,45.583
492.00000000,28.417,45.583
483.00000000,28.583,45.583
487.00000000,28.750,45.583
478.00000000,28.917,45.583
464.00000000,29.083,45.583
443.00000000,29.250,45.583
423.00000000,29.417,45.583
405.00000000,29.583,45.583
403.00000000,29.750,45.583
398.00000000,29.917,45.583
399.00000000,32.583,45.583
403.00000000,32.750,45.583
407.00000000,32.917,45.583
410.00000000,33.083,45.583
415.00000000,33.250,45.583
423.00000000,33.417,45.583
437.00000000,33.583,45.583
451.00000000,33.750,45.583
466.00000000,33.917,45.583
478.00000000,34.083,45.583
466.00000000,34.250,45.583
440.00000000,34.417,45.583
418.00000000,34.583,45.583
397.00000000,34.750,45.583
391.00000000,34.917,45.583
390.00000000,35.083,45.583
393.00000000,35.250,45.583
469.00000000,28.083,45.417
468.00000000,28.250,45.417
465.00000000,28.417,45.417
458.00000000,28.583,45.417
463.00000000,28.750,45.417
453.00000000,28.917,45.417
433.00000000,29.083,45.417
410.00000000,29.250,45.417
391.00000000,29.417,45.417
375.00000000,29.583,45.417
363.00000000,29.750,45.417
399.00000000,32.417,45.417
418.00000000,32.583,45.417
425.00000000,32.750,45.417
424.00000000,32.917,45.417
420.00000000,33.083,45.417
425.00000000,33.250,45.417
437.00000000,33.417,45.417
450.00000000,33.583,45.417
468.00000000,33.750,45.417
489.00000000,33.917,45.417
522.00000000,34.083,45.417
517.00000000,34.250,45.417
476.00000000,34.417,45.417
443.00000000,34.583,45.417
420.00000000,34.750,45.417
414.00000000,34.917,45.417
412.00000000,35.083,45.417
412.00000000,35.250,45.417
407.00000000,35.417,45.417
394.00000000,35.750,45.417
393.00000000,35.917,45.417
397.00000000,36.083,45.417
404.00000000,36.250,45.417
417.00000000,36.417,45.417
418.00000000,36.583,45.417
432.00000000,36.750,45.417
469.00000000,28.250,45.250
461.00000000,28.417,45.250
450.00000000,28.583,45.250
440.00000000,28.750,45.250
434.00000000,28.917,45.250
414.00000000,29.083,45.250
392.00000000,29.250,45.250
369.00000000,29.417,45.250
353.00000000,29.583,45.250
345.00000000,29.750,45.250
405.00000000,30.250,45.250
410.00000000,32.583,45.250
412.00000000,32.750,45.250
415.00000000,33.083,45.250
424.00000000,33.250,45.250
431.00000000,33.417,45.250
440.00000000,33.583,45.250
466.00000000,33.750,45.250
497.00000000,33.917,45.250
521.00000000,34.083,45.250
524.00000000,34.250,45.250
507.00000000,34.417,45.250
482.00000000,34.583,45.250
461.00000000,34.750,45.250
446.00000000,34.917,45.250
438.00000000,35.083,45.250
431.00000000,35.250,45.250
425.00000000,35.417,45.250
422.00000000,35.583,45.250
413.00000000,35.750,45.250
409.00000000,35.917,45.250
402.00000000,36.083,45.250
396.00000000,36.250,45.250
401.00000000,36.417,45.250
411.00000000,36.583,45.250
431.00000000,36.750,45.250
452.00000000,28.583,45.083
440.00000000,28.750,45.083
424.00000000,28.917,45.083
339.00000000,29.583,45.083
325.00000000,29.750,45.083
408.00000000,33.250,45.083
409.00000000,33.417,45.083
433.00000000,33.583,45.083
464.00000000,33.750,45.083
491.00000000,33.917,45.083
519.00000000,34.083,45.083
542.00000000,34.250,45.083
546.00000000,34.417,45.083
527.00000000,34.583,45.083
529.00000000,34.750,45.083
508.00000000,34.917,45.083
500.00000000,35.083,45.083
474.00000000,35.250,45.083
455.00000000,35.417,45.083
433.00000000,35.583,45.083
425.00000000,35.750,45.083
415.00000000,35.917,45.083
403.00000000,36.083,45.083
386.00000000,36.250,45.083
381.00000000,36.417,45.083
410.00000000,36.583,45.083
437.00000000,33.583,44.917
467.00000000,33.750,44.917
503.00000000,33.917,44.917
544.00000000,34.083,44.917
588.00000000,34.250,44.917
667.00000000,34.417,44.917
657.00000000,34.583,44.917
594.00000000,34.750,44.917
559.00000000,34.917,44.917
533.00000000,35.083,44.917
490.00000000,35.250,44.917
463.00000000,35.417,44.917
450.00000000,33.583,44.750
485.00000000,33.750,44.750
535.00000000,33.917,44.750
586.00000000,34.083,44.750
692.00000000,34.250,44.750
671.00000000,34.417,44.750
565.00000000,34.583,44.750
525.00000000,34.750,44.750
515.00000000,34.917,44.750
500.00000000,35.083,44.750
432.00000000,33.417,44.583
468.00000000,33.583,44.583
529.00000000,33.750,44.583
599.00000000,33.917,44.583
703.00000000,34.083,44.583
775.00000000,34.250,44.583
614.00000000,34.417,44.583
535.00000000,33.583,44.417
566.00000000,33.750,44.417
710.00000000,33.917,44.417
737.00000000,34.083,44.417
566.00000000,34.250,44.417
